Symbol,AtomicMass,AtomicRadius,Electronegativity,IonizationEnergy,ElectronAffinity,Polarizability,results_per_total,results_per_li,LiSites,CounterIonSites,results_per_counter_ion
Ga,69.723,187.0,1.81,5.999,0.3,50.0,0.0117098805130272,0.0117098805130272,1.0,3.0,0.0117098805130272
Cu,63.55,140.0,1.9,7.726,1.228,46.5,0.014243750556491,0.014243750556491,2.0,6.0,0.014243750556491
Ag,107.868,172.0,1.93,7.576,1.302,55.0,0.011542256729636,0.011542256729636,1.0,1.0,0.011542256729636
Pd,106.42,202.0,2.2,8.337,0.557,26.14,0.0157096074538312,0.0157096074538312,3.0,1.0,0.0157096074538312
In,114.818,193.0,1.78,5.786,0.3,65.0,0.0172909205719536,0.0172909205719536,3.0,1.0,0.0172909205719536
Pr,140.90766,239.0,1.13,5.464,0.0,216.0,0.033319362272134,0.033319362272134,1.0,3.0,0.033319362272134
Mg,24.305,173.0,1.31,7.646,0.0,71.2,0.0150747549601754,0.0150747549601754,3.0,3.0,0.0150747549601754
Ce,140.116,235.0,1.12,5.539,0.5,205.0,0.0054856299735801,0.0054856299735801,1.0,3.0,0.0054856299735801
Sb,121.76,206.0,2.05,8.64,1.07,43.0,0.0122702658540817,0.0122702658540817,27.0,10.0,0.0122702658540817
Cd,112.41,158.0,1.69,8.994,0.0,46.0,0.0129517994474375,0.0129517994474375,8.0,4.0,0.0129517994474375
Al,26.981538,184.0,1.61,5.986,0.441,57.8,0.0145698733985088,0.0145698733985088,3.0,2.0,0.0145698733985088
P,30.973762,180.0,2.19,10.487,0.746,25.0,0.0119958859786219,0.0119958859786219,6.0,2.0,0.0119958859786219
Li,7.0,182.0,0.98,5.392,0.618,164.1125,0.0183747747300278,0.0183747747300278,3.0,3.0,0.0183747747300278
Al,26.981538,184.0,1.61,5.986,0.441,57.8,0.0153812604129275,0.0153812604129275,8.0,4.0,0.0153812604129275
S,32.07,180.0,2.58,10.36,2.077,19.4,0.0109851832751171,0.0109851832751171,2.0,1.0,0.0109851832751171
Mg,24.305,173.0,1.31,7.646,0.0,71.2,0.0148639864544855,0.0148639864544855,1.0,3.0,0.0148639864544855
Tc,96.90636,209.0,1.9,7.28,0.55,79.0,0.001726092242171,0.001726092242171,3.0,1.0,0.001726092242171
Ca,40.08,231.0,1.0,6.113,0.0,160.8,0.0186229280018133,0.0186229280018133,3.0,1.0,0.0186229280018133
In,114.818,193.0,1.78,5.786,0.3,65.0,0.0101119897892167,0.0101119897892167,1.0,3.0,0.0101119897892167
Si,28.085,210.0,1.9,8.152,1.385,37.3,0.0108373597838501,0.0108373597838501,28.0,8.0,0.0108373597838501
Li,7.0,182.0,0.98,5.392,0.618,164.1125,0.0018549936324729,0.0018549936324729,1.0,1.0,0.0018549936324729
Li,7.0,182.0,0.98,5.392,0.618,164.1125,0.0021165851276738,0.0021165851276738,1.0,1.0,0.0021165851276738
Pb,207.0,202.0,2.33,7.417,0.36,57.0,0.0118638570962355,0.0118638570962355,40.0,12.0,0.0118638570962355
C,12.011,170.0,2.55,11.26,1.263,11.3,0.0111563141534302,0.0111563141534302,3.0,1.0,0.0111563141534302
Li,7.0,182.0,0.98,5.392,0.618,164.1125,0.0020536495131671,0.0020536495131671,1.0,1.0,0.0020536495131671
C,12.011,170.0,2.55,11.26,1.263,11.3,0.0006792042620075,0.0006792042620075,2.0,24.0,0.0006792042620075
Sn,118.71,217.0,1.96,7.344,1.2,53.0,0.0010165615830229,0.0010165615830229,5.0,2.0,0.0010165615830229
Lu,174.9667,221.0,1.27,5.426,0.0,137.0,0.0131723787164511,0.0131723787164511,2.0,6.0,0.0131723787164511
Ca,40.08,231.0,1.0,6.113,0.0,160.8,0.0190335662998205,0.0190335662998205,4.0,2.0,0.0190335662998205
Mg,24.305,173.0,1.31,7.646,0.0,71.2,0.0165882337755559,0.0165882337755559,3.0,3.0,0.0165882337755559
Fe,55.84,194.0,1.83,7.902,0.163,62.0,0.0031697810645356,0.0031697810645356,2.0,2.0,0.0031697810645356
Rh,102.9055,195.0,2.28,7.459,1.137,66.0,0.0008689004894242,0.0008689004894242,3.0,1.0,0.0008689004894242
Tl,204.383,196.0,1.62,6.108,0.2,66.0,0.0105548788784674,0.0105548788784674,1.0,3.0,0.0105548788784674
Yb,173.05,242.0,0.0,6.254,0.0,139.0,0.0224840057547065,0.0224840057547065,1.0,3.0,0.0224840057547065
Au,196.96657,166.0,2.54,9.226,2.309,36.06,0.0063736894668326,0.0063736894668326,2.0,6.0,0.0063736894668326
Li,7.0,182.0,0.98,5.392,0.618,164.1125,0.016745278719015,0.016745278719015,8.0,8.0,0.016745278719015
B,10.81,192.0,2.04,8.298,0.277,20.5,0.0014141310225483,0.0014141310225483,2.0,2.0,0.0014141310225483
Nb,92.90637,207.0,1.6,6.759,0.893,98.0,0.0177359802321836,0.0177359802321836,3.0,1.0,0.0177359802321836
Hg,200.59,209.0,2.0,10.438,0.0,33.0,0.0068400464326423,0.0068400464326423,1.0,1.0,0.0068400464326423
Ge,72.63,211.0,2.01,7.9,1.35,40.0,0.0010342825138736,0.0010342825138736,96.0,56.0,0.0010342825138736
Hf,178.49,212.0,1.3,6.825,0.0,103.0,0.0141638918983288,0.0141638918983288,1.0,1.0,0.0141638918983288
Si,28.085,210.0,1.9,8.152,1.385,37.3,0.0008369527861343,0.0008369527861343,96.0,56.0,0.0008369527861343
Mg,24.305,173.0,1.31,7.646,0.0,71.2,0.0159725857084629,0.0159725857084629,4.0,2.0,0.0159725857084629
Si,28.085,210.0,1.9,8.152,1.385,37.3,0.0135182127079456,0.0135182127079456,88.0,20.0,0.0135182127079456
Zr,91.22,186.0,1.33,6.634,0.426,112.0,0.0232742304299791,0.0232742304299791,3.0,1.0,0.0232742304299791
Tl,204.383,196.0,1.62,6.108,0.2,66.0,0.0132500206195295,0.0132500206195295,12.0,12.0,0.0132500206195295
Zn,65.4,139.0,1.65,9.394,0.0,38.67,0.0118477084443353,0.0118477084443353,2.0,6.0,0.0118477084443353
Mg,24.305,173.0,1.31,7.646,0.0,71.2,0.0171829971314638,0.0171829971314638,3.0,3.0,0.0171829971314638
Al,26.981538,184.0,1.61,5.986,0.441,57.8,0.0135046453859355,0.0135046453859355,12.0,12.0,0.0135046453859355
Hg,200.59,209.0,2.0,10.438,0.0,33.0,0.0129930354417167,0.0129930354417167,3.0,1.0,0.0129930354417167
Fe,55.84,194.0,1.83,7.902,0.163,62.0,0.0025248728686606,0.0025248728686606,6.0,2.0,0.0025248728686606
Mg,24.305,173.0,1.31,7.646,0.0,71.2,0.0164204850938906,0.0164204850938906,2.0,2.0,0.0164204850938906
Mg,24.305,173.0,1.31,7.646,0.0,71.2,0.0171951148536954,0.0171951148536954,4.0,2.0,0.0171951148536954
Mg,24.305,173.0,1.31,7.646,0.0,71.2,0.0034637755539771,0.0034637755539771,1.0,1.0,0.0034637755539771
Pt,195.08,209.0,2.28,9.0,2.128,48.0,0.011026604177195,0.011026604177195,2.0,1.0,0.011026604177195
S,32.07,180.0,2.58,10.36,2.077,19.4,0.0055819352548704,0.0055819352548704,4.0,4.0,0.0055819352548704
Tl,204.383,196.0,1.62,6.108,0.2,66.0,0.0160363684036584,0.0160363684036584,4.0,2.0,0.0160363684036584
Cd,112.41,158.0,1.69,8.994,0.0,46.0,0.0150993882551964,0.0150993882551964,3.0,1.0,0.0150993882551964
Mg,24.305,173.0,1.31,7.646,0.0,71.2,0.0165298630065428,0.0165298630065428,2.0,4.0,0.0165298630065428
Ca,40.08,231.0,1.0,6.113,0.0,160.8,0.017359199604987,0.017359199604987,1.0,3.0,0.017359199604987
In,114.818,193.0,1.78,5.786,0.3,65.0,0.014698181153288,0.014698181153288,3.0,2.0,0.014698181153288
Tm,168.93422,227.0,1.25,6.184,0.0,144.0,0.018221397312764,0.018221397312764,2.0,6.0,0.018221397312764
In,114.818,193.0,1.78,5.786,0.3,65.0,0.0087132972918501,0.0087132972918501,4.0,8.0,0.0087132972918501
Cu,63.55,140.0,1.9,7.726,1.228,46.5,0.013982063827059,0.013982063827059,1.0,3.0,0.013982063827059
O,15.999,152.0,3.44,13.618,1.461,5.3,0.0010756061305837,0.0010756061305837,1.0,2.0,0.0010756061305837
Sn,118.71,217.0,1.96,7.344,1.2,53.0,0.0008687498540594,0.0008687498540594,3.0,1.0,0.0008687498540594
Ag,107.868,172.0,1.93,7.576,1.302,55.0,0.0143544378687426,0.0143544378687426,18.0,8.0,0.0143544378687426
Au,196.96657,166.0,2.54,9.226,2.309,36.06,0.0122455652519709,0.0122455652519709,3.0,1.0,0.0122455652519709
Mg,24.305,173.0,1.31,7.646,0.0,71.2,0.014794002437433,0.014794002437433,2.0,2.0,0.014794002437433
Zn,65.4,139.0,1.65,9.394,0.0,38.67,0.0126945406269661,0.0126945406269661,1.0,3.0,0.0126945406269661
Hg,200.59,209.0,2.0,10.438,0.0,33.0,0.0052330838678356,0.0052330838678356,1.0,3.0,0.0052330838678356
Hf,178.49,212.0,1.3,6.825,0.0,103.0,0.0008416552347941,0.0008416552347941,16.0,6.0,0.0008416552347941
Ag,107.868,172.0,1.93,7.576,1.302,55.0,0.0096508516556211,0.0096508516556211,2.0,6.0,0.0096508516556211
Mg,24.305,173.0,1.31,7.646,0.0,71.2,0.0128252820305939,0.0128252820305939,1.0,2.0,0.0128252820305939
Pr,140.90766,239.0,1.13,5.464,0.0,216.0,0.0255566221638342,0.0255566221638342,3.0,1.0,0.0255566221638342
Se,78.97,190.0,2.55,9.752,2.021,28.9,0.0096598780017829,0.0096598780017829,2.0,1.0,0.0096598780017829
Si,28.085,210.0,1.9,8.152,1.385,37.3,0.0131403520379469,0.0131403520379469,84.0,20.0,0.0131403520379469
Mg,24.305,173.0,1.31,7.646,0.0,71.2,0.015473620767766,0.015473620767766,1.0,3.0,0.015473620767766
Pb,207.0,202.0,2.33,7.417,0.36,57.0,0.0140030034604562,0.0140030034604562,88.0,20.0,0.0140030034604562
Li,7.0,182.0,0.98,5.392,0.618,164.1125,0.0152936899619734,0.0152936899619734,1.0,1.0,0.0152936899619734
Hg,200.59,209.0,2.0,10.438,0.0,33.0,0.0051535140549619,0.0051535140549619,1.0,3.0,0.0051535140549619
O,15.999,152.0,3.44,13.618,1.461,5.3,0.0008421584606797,0.0008421584606797,1.0,8.0,0.0008421584606797
C,12.011,170.0,2.55,11.26,1.263,11.3,0.0104303609064899,0.0104303609064899,2.0,1.0,0.0104303609064899
Yb,173.05,242.0,0.0,6.254,0.0,139.0,0.0236167849821471,0.0236167849821471,3.0,1.0,0.0236167849821471
Eu,151.964,233.0,0.0,5.67,0.0,184.0,0.031950383270037,0.031950383270037,2.0,6.0,0.031950383270037
W,183.84,210.0,2.36,7.98,0.815,68.0,0.0012991164661379,0.0012991164661379,3.0,1.0,0.0012991164661379
Ho,164.93033,216.0,1.23,6.022,0.0,156.0,0.0181165103533081,0.0181165103533081,1.0,3.0,0.0181165103533081
Rh,102.9055,195.0,2.28,7.459,1.137,66.0,0.0180199255459288,0.0180199255459288,1.0,3.0,0.0180199255459288
Co,58.93319,192.0,1.88,7.881,0.661,55.0,0.0021803966961082,0.0021803966961082,3.0,1.0,0.0021803966961082
Li,7.0,182.0,0.98,5.392,0.618,164.1125,0.0118202212330917,0.0118202212330917,3.0,3.0,0.0118202212330917
Mg,24.305,173.0,1.31,7.646,0.0,71.2,0.0148657719416915,0.0148657719416915,1.0,3.0,0.0148657719416915
Ir,192.22,202.0,2.2,9.1,1.565,54.0,0.0047398403109343,0.0047398403109343,1.0,3.0,0.0047398403109343
Tb,158.92535,221.0,0.0,5.864,0.0,170.0,0.021212683301634,0.021212683301634,2.0,6.0,0.021212683301634
Si,28.085,210.0,1.9,8.152,1.385,37.3,0.0018753870050727,0.0018753870050727,1.0,3.0,0.0018753870050727
Mg,24.305,173.0,1.31,7.646,0.0,71.2,0.0111336289131441,0.0111336289131441,1.0,15.0,0.0111336289131441
Ga,69.723,187.0,1.81,5.999,0.3,50.0,0.0043375172074216,0.0043375172074216,2.0,2.0,0.0043375172074216
Pb,207.0,202.0,2.33,7.417,0.36,57.0,0.0134899831275616,0.0134899831275616,85.0,20.0,0.0134899831275616
Mg,24.305,173.0,1.31,7.646,0.0,71.2,0.0133722384177932,0.0133722384177932,1.0,5.0,0.0133722384177932
Tb,158.92535,221.0,0.0,5.864,0.0,170.0,0.032666325590616,0.032666325590616,1.0,3.0,0.032666325590616
Gd,157.25,237.0,1.2,6.15,0.0,158.0,0.0154612123912703,0.0154612123912703,2.0,6.0,0.0154612123912703
Br,79.9,183.0,2.96,11.814,3.365,21.0,0.0044856027078692,0.0044856027078692,2.0,2.0,0.0044856027078692
Li,7.0,182.0,0.98,5.392,0.618,164.1125,0.0123558506324173,0.0123558506324173,3.0,3.0,0.0123558506324173
Co,58.93319,192.0,1.88,7.881,0.661,55.0,0.0018062524701053,0.0018062524701053,6.0,2.0,0.0018062524701053
Ac,227.02775,260.0,1.1,5.17,0.0,282.0,0.0136347647045254,0.0136347647045254,1.0,3.0,0.0136347647045254
Bi,208.9804,207.0,2.02,7.289,0.946,53.0,0.013114259749988,0.013114259749988,3.0,1.0,0.013114259749988
Mg,24.305,173.0,1.31,7.646,0.0,71.2,0.0035080810988986,0.0035080810988986,1.0,1.0,0.0035080810988986
Mg,24.305,173.0,1.31,7.646,0.0,71.2,0.0179059149800662,0.0179059149800662,3.0,1.0,0.0179059149800662
Pd,106.42,202.0,2.2,8.337,0.557,26.14,0.0035551581521786,0.0035551581521786,2.0,1.0,0.0035551581521786
O,15.999,152.0,3.44,13.618,1.461,5.3,0.0006939110828974,0.0006939110828974,4.0,4.0,0.0006939110828974
Yb,173.05,242.0,0.0,6.254,0.0,139.0,0.0266163845682623,0.0266163845682623,2.0,6.0,0.0266163845682623
Pb,207.0,202.0,2.33,7.417,0.36,57.0,0.0117552532282787,0.0117552532282787,3.0,1.0,0.0117552532282787
As,74.92159,185.0,2.18,9.815,0.81,30.0,0.0025867140772807,0.0025867140772807,2.0,6.0,0.0025867140772807
Ni,58.693,163.0,1.91,7.64,1.156,49.0,0.0021773748582563,0.0021773748582563,6.0,2.0,0.0021773748582563
Eu,151.964,233.0,0.0,5.67,0.0,184.0,0.0266470999763026,0.0266470999763026,3.0,1.0,0.0266470999763026
B,10.81,192.0,2.04,8.298,0.277,20.5,0.0050747665632896,0.0050747665632896,4.0,4.0,0.0050747665632896
Mg,24.305,173.0,1.31,7.646,0.0,71.2,0.0153997606965022,0.0153997606965022,2.0,4.0,0.0153997606965022
Mg,24.305,173.0,1.31,7.646,0.0,71.2,0.0141854293802345,0.0141854293802345,1.0,3.0,0.0141854293802345
Np,237.048172,221.0,1.36,6.266,0.0,160.0,0.0155096528713628,0.0155096528713628,6.0,2.0,0.0155096528713628
Au,196.96657,166.0,2.54,9.226,2.309,36.06,0.0063205285809097,0.0063205285809097,1.0,3.0,0.0063205285809097
Sb,121.76,206.0,2.05,8.64,1.07,43.0,0.0116162811181401,0.0116162811181401,3.0,1.0,0.0116162811181401
S,32.07,180.0,2.58,10.36,2.077,19.4,0.0057023351875902,0.0057023351875902,1.0,1.0,0.0057023351875902
B,10.81,192.0,2.04,8.298,0.277,20.5,0.0013705230561809,0.0013705230561809,5.0,4.0,0.0013705230561809
Ge,72.63,211.0,2.01,7.9,1.35,40.0,0.01172174258339,0.01172174258339,18.0,8.0,0.01172174258339
Cu,63.55,140.0,1.9,7.726,1.228,46.5,0.0142220404026361,0.0142220404026361,1.0,3.0,0.0142220404026361
Ga,69.723,187.0,1.81,5.999,0.3,50.0,0.0176281431677774,0.0176281431677774,3.0,1.0,0.0176281431677774
Si,28.085,210.0,1.9,8.152,1.385,37.3,0.0138476896159755,0.0138476896159755,30.0,8.0,0.0138476896159755
Ge,72.63,211.0,2.01,7.9,1.35,40.0,0.0013341615897781,0.0013341615897781,6.0,6.0,0.0013341615897781
Nd,144.24,229.0,1.14,5.525,0.0,208.0,0.0249878008551939,0.0249878008551939,3.0,1.0,0.0249878008551939
Cl,35.45,175.0,3.16,12.968,3.617,14.6,0.0047003998780978,0.0047003998780978,2.0,2.0,0.0047003998780978
As,74.92159,185.0,2.18,9.815,0.81,30.0,0.0073892418395938,0.0073892418395938,8.0,8.0,0.0073892418395938
Sn,118.71,217.0,1.96,7.344,1.2,53.0,0.0009550355455569,0.0009550355455569,13.0,5.0,0.0009550355455569
Sm,150.4,229.0,1.17,5.644,0.0,192.0,0.0254556741044827,0.0254556741044827,3.0,1.0,0.0254556741044827
F,18.99840316,135.0,3.98,17.423,3.339,3.74,0.0081287676921566,0.0081287676921566,1.0,1.0,0.0081287676921566
O,15.999,152.0,3.44,13.618,1.461,5.3,0.0010494729074944,0.0010494729074944,2.0,4.0,0.0010494729074944
Si,28.085,210.0,1.9,8.152,1.385,37.3,0.0005925353163902,0.0005925353163902,42.0,18.0,0.0005925353163902
Hg,200.59,209.0,2.0,10.438,0.0,33.0,0.0124261906383811,0.0124261906383811,6.0,2.0,0.0124261906383811
Re,186.207,217.0,1.9,7.88,0.15,62.0,0.0011665245281704,0.0011665245281704,6.0,2.0,0.0011665245281704
B,10.81,192.0,2.04,8.298,0.277,20.5,0.0050634059652464,0.0050634059652464,1.0,11.0,0.0050634059652464
Y,88.90584,219.0,1.22,6.217,0.307,162.0,0.0209983942908022,0.0209983942908022,6.0,2.0,0.0209983942908022
Pd,106.42,202.0,2.2,8.337,0.557,26.14,0.0167556747183417,0.0167556747183417,30.0,8.0,0.0167556747183417
As,74.92159,185.0,2.18,9.815,0.81,30.0,0.0117373675452422,0.0117373675452422,18.0,6.0,0.0117373675452422
Mg,24.305,173.0,1.31,7.646,0.0,71.2,0.0165731276275007,0.0165731276275007,4.0,2.0,0.0165731276275007
Te,127.6,206.0,2.1,9.01,1.971,38.0,0.0030329521404426,0.0030329521404426,2.0,6.0,0.0030329521404426
C,12.011,170.0,2.55,11.26,1.263,11.3,0.0007037704805741,0.0007037704805741,1.0,12.0,0.0007037704805741
Cd,112.41,158.0,1.69,8.994,0.0,46.0,0.0154175676529944,0.0154175676529944,3.0,1.0,0.0154175676529944
Mg,24.305,173.0,1.31,7.646,0.0,71.2,0.0161315348300808,0.0161315348300808,2.0,4.0,0.0161315348300808
Ga,69.723,187.0,1.81,5.999,0.3,50.0,0.0173085605286955,0.0173085605286955,3.0,1.0,0.0173085605286955
Y,88.90584,219.0,1.22,6.217,0.307,162.0,0.0253586023944098,0.0253586023944098,1.0,3.0,0.0253586023944098
Mg,24.305,173.0,1.31,7.646,0.0,71.2,0.0128529293735739,0.0128529293735739,1.0,5.0,0.0128529293735739
S,32.07,180.0,2.58,10.36,2.077,19.4,0.0090123157879951,0.0090123157879951,22.0,11.0,0.0090123157879951
Mg,24.305,173.0,1.31,7.646,0.0,71.2,0.0165113731113893,0.0165113731113893,4.0,2.0,0.0165113731113893
Tl,204.383,196.0,1.62,6.108,0.2,66.0,0.0170284719398056,0.0170284719398056,5.0,2.0,0.0170284719398056
Ga,69.723,187.0,1.81,5.999,0.3,50.0,0.0108511996191861,0.0108511996191861,6.0,14.0,0.0108511996191861
Mg,24.305,173.0,1.31,7.646,0.0,71.2,0.0165757457909262,0.0165757457909262,2.0,4.0,0.0165757457909262
S,32.07,180.0,2.58,10.36,2.077,19.4,0.0004379929074438,0.0004379929074438,2.0,8.0,0.0004379929074438
Mg,24.305,173.0,1.31,7.646,0.0,71.2,0.0179259012964299,0.0179259012964299,6.0,2.0,0.0179259012964299
Bi,208.9804,207.0,2.02,7.289,0.946,53.0,0.007770909813516,0.007770909813516,1.0,1.0,0.007770909813516
Tl,204.383,196.0,1.62,6.108,0.2,66.0,0.0120964997244287,0.0120964997244287,4.0,4.0,0.0120964997244287
P,30.973762,180.0,2.19,10.487,0.746,25.0,0.001756114715947,0.001756114715947,4.0,20.0,0.001756114715947
Ag,107.868,172.0,1.93,7.576,1.302,55.0,0.0118178152059046,0.0118178152059046,16.0,10.0,0.0118178152059046
Mg,24.305,173.0,1.31,7.646,0.0,71.2,0.0171010414092954,0.0171010414092954,4.0,2.0,0.0171010414092954
O,15.999,152.0,3.44,13.618,1.461,5.3,0.0007706108932475,0.0007706108932475,1.0,8.0,0.0007706108932475
Li,7.0,182.0,0.98,5.392,0.618,164.1125,0.001925716226521,0.001925716226521,1.0,1.0,0.001925716226521
Ge,72.63,211.0,2.01,7.9,1.35,40.0,0.0024390498594214,0.0024390498594214,1.0,3.0,0.0024390498594214
Ga,69.723,187.0,1.81,5.999,0.3,50.0,0.0036465791879533,0.0036465791879533,3.0,2.0,0.0036465791879533
Te,127.6,206.0,2.1,9.01,1.971,38.0,0.0036729358522451,0.0036729358522451,12.0,36.0,0.0036729358522451
Zn,65.4,139.0,1.65,9.394,0.0,38.67,0.0088159181726746,0.0088159181726746,1.0,3.0,0.0088159181726746
Mg,24.305,173.0,1.31,7.646,0.0,71.2,0.0173287387577406,0.0173287387577406,3.0,1.0,0.0173287387577406
Mg,24.305,173.0,1.31,7.646,0.0,71.2,0.0172569768140206,0.0172569768140206,3.0,3.0,0.0172569768140206
Mg,24.305,173.0,1.31,7.646,0.0,71.2,0.0163584797169193,0.0163584797169193,4.0,2.0,0.0163584797169193
In,114.818,193.0,1.78,5.786,0.3,65.0,0.0176636457886082,0.0176636457886082,3.0,1.0,0.0176636457886082
Cr,51.996,189.0,1.66,6.767,0.666,83.0,0.0015033062535905,0.0015033062535905,6.0,2.0,0.0015033062535905
Sn,118.71,217.0,1.96,7.344,1.2,53.0,0.001558669472609,0.001558669472609,3.0,3.0,0.001558669472609
Pb,207.0,202.0,2.33,7.417,0.36,57.0,0.0121276035271274,0.0121276035271274,8.0,3.0,0.0121276035271274
Mg,24.305,173.0,1.31,7.646,0.0,71.2,0.0148816654606888,0.0148816654606888,3.0,5.0,0.0148816654606888
Tl,204.383,196.0,1.62,6.108,0.2,66.0,0.0177914998347332,0.0177914998347332,3.0,1.0,0.0177914998347332
Mg,24.305,173.0,1.31,7.646,0.0,71.2,0.0168458891152385,0.0168458891152385,5.0,1.0,0.0168458891152385
F,18.99840316,135.0,3.98,17.423,3.339,3.74,0.0071133522031637,0.0071133522031637,2.0,2.0,0.0071133522031637
B,10.81,192.0,2.04,8.298,0.277,20.5,0.005142976946248,0.005142976946248,1.0,11.0,0.005142976946248
Hg,200.59,209.0,2.0,10.438,0.0,33.0,0.0059373757243875,0.0059373757243875,1.0,3.0,0.0059373757243875
Nb,92.90637,207.0,1.6,6.759,0.893,98.0,0.0177503316153913,0.0177503316153913,3.0,1.0,0.0177503316153913
B,10.81,192.0,2.04,8.298,0.277,20.5,0.010878998451046,0.010878998451046,4.0,4.0,0.010878998451046
La,138.9055,240.0,1.1,5.577,0.5,215.0,0.0212672575988921,0.0212672575988921,3.0,1.0,0.0212672575988921
Pd,106.42,202.0,2.2,8.337,0.557,26.14,0.0139615862512706,0.0139615862512706,1.0,1.0,0.0139615862512706
U,238.0289,240.0,1.38,6.194,0.0,180.0,0.0156746946805576,0.0156746946805576,1.0,1.0,0.0156746946805576
Pd,106.42,202.0,2.2,8.337,0.557,26.14,0.0117585031018954,0.0117585031018954,1.0,3.0,0.0117585031018954
Li,7.0,182.0,0.98,5.392,0.618,164.1125,0.0183433991804226,0.0183433991804226,24.0,24.0,0.0183433991804226
Pd,106.42,202.0,2.2,8.337,0.557,26.14,0.012884955544424,0.012884955544424,1.0,1.0,0.012884955544424
Dy,162.5,229.0,1.22,5.939,0.0,163.0,0.021671095832681,0.021671095832681,6.0,2.0,0.021671095832681
C,12.011,170.0,2.55,11.26,1.263,11.3,0.000723768211776,0.000723768211776,7.0,120.0,0.000723768211776
Mg,24.305,173.0,1.31,7.646,0.0,71.2,0.0035112030794948,0.0035112030794948,2.0,2.0,0.0035112030794948
Mg,24.305,173.0,1.31,7.646,0.0,71.2,0.0126712056960274,0.0126712056960274,1.0,7.0,0.0126712056960274
Ag,107.868,172.0,1.93,7.576,1.302,55.0,0.0140771701020245,0.0140771701020245,3.0,1.0,0.0140771701020245
Cu,63.55,140.0,1.9,7.726,1.228,46.5,0.014197536644771,0.014197536644771,1.0,3.0,0.014197536644771
Dy,162.5,229.0,1.22,5.939,0.0,163.0,0.0301667326384115,0.0301667326384115,2.0,6.0,0.0301667326384115
B,10.81,192.0,2.04,8.298,0.277,20.5,0.0087022942581308,0.0087022942581308,5.0,4.0,0.0087022942581308
Zn,65.4,139.0,1.65,9.394,0.0,38.67,0.0125104497980342,0.0125104497980342,2.0,2.0,0.0125104497980342
Rh,102.9055,195.0,2.28,7.459,1.137,66.0,0.0167390537679111,0.0167390537679111,1.0,3.0,0.0167390537679111
S,32.07,180.0,2.58,10.36,2.077,19.4,0.0090789176978929,0.0090789176978929,22.0,11.0,0.0090789176978929
Sm,150.4,229.0,1.17,5.644,0.0,192.0,0.0317650159807446,0.0317650159807446,1.0,3.0,0.0317650159807446
Mg,24.305,173.0,1.31,7.646,0.0,71.2,0.0166573398491042,0.0166573398491042,3.0,3.0,0.0166573398491042
P,30.973762,180.0,2.19,10.487,0.746,25.0,0.008016642497761,0.008016642497761,8.0,8.0,0.008016642497761
Ge,72.63,211.0,2.01,7.9,1.35,40.0,0.0009209305682805,0.0009209305682805,18.0,8.0,0.0009209305682805
Mg,24.305,173.0,1.31,7.646,0.0,71.2,0.0179656347318663,0.0179656347318663,3.0,3.0,0.0179656347318663
Mg,24.305,173.0,1.31,7.646,0.0,71.2,0.0162041209782321,0.0162041209782321,4.0,2.0,0.0162041209782321
Tc,96.90636,209.0,1.9,7.28,0.55,79.0,0.0020276477589628,0.0020276477589628,3.0,1.0,0.0020276477589628
Sc,44.95591,211.0,1.36,6.561,0.188,97.0,0.0189063545584529,0.0189063545584529,6.0,2.0,0.0189063545584529
Mg,24.305,173.0,1.31,7.646,0.0,71.2,0.0163631918710508,0.0163631918710508,3.0,3.0,0.0163631918710508
Pb,207.0,202.0,2.33,7.417,0.36,57.0,0.0015416515330807,0.0015416515330807,1.0,3.0,0.0015416515330807
Mg,24.305,173.0,1.31,7.646,0.0,71.2,0.0159202302406424,0.0159202302406424,3.0,3.0,0.0159202302406424
Mg,24.305,173.0,1.31,7.646,0.0,71.2,0.0143096981479118,0.0143096981479118,1.0,1.0,0.0143096981479118
Au,196.96657,166.0,2.54,9.226,2.309,36.06,0.0062089742616911,0.0062089742616911,1.0,3.0,0.0062089742616911
S,32.07,180.0,2.58,10.36,2.077,19.4,0.0114928689334803,0.0114928689334803,8.0,4.0,0.0114928689334803
B,10.81,192.0,2.04,8.298,0.277,20.5,0.0052966725704409,0.0052966725704409,1.0,11.0,0.0052966725704409
Be,9.012183,153.0,1.57,9.323,0.0,37.74,0.0106277736245635,0.0106277736245635,2.0,2.0,0.0106277736245635
C,12.011,170.0,2.55,11.26,1.263,11.3,0.0006252917985277,0.0006252917985277,1.0,6.0,0.0006252917985277
Mg,24.305,173.0,1.31,7.646,0.0,71.2,0.016020350992593,0.016020350992593,2.0,4.0,0.016020350992593
Si,28.085,210.0,1.9,8.152,1.385,37.3,0.012034943658298,0.012034943658298,26.0,8.0,0.012034943658298
Au,196.96657,166.0,2.54,9.226,2.309,36.06,0.0142504762403114,0.0142504762403114,30.0,8.0,0.0142504762403114
Mg,24.305,173.0,1.31,7.646,0.0,71.2,0.0159603771567637,0.0159603771567637,1.0,1.0,0.0159603771567637
Hg,200.59,209.0,2.0,10.438,0.0,33.0,0.0043307819195542,0.0043307819195542,2.0,6.0,0.0043307819195542
Mg,24.305,173.0,1.31,7.646,0.0,71.2,0.0153932744136141,0.0153932744136141,4.0,2.0,0.0153932744136141
O,15.999,152.0,3.44,13.618,1.461,5.3,0.0083749276018587,0.0083749276018587,68.0,34.0,0.0083749276018587
Tm,168.93422,227.0,1.25,6.184,0.0,144.0,0.018345222454228,0.018345222454228,6.0,2.0,0.018345222454228
O,15.999,152.0,3.44,13.618,1.461,5.3,0.000943189408454,0.000943189408454,1.0,1.0,0.000943189408454
Ge,72.63,211.0,2.01,7.9,1.35,40.0,0.0139038420903032,0.0139038420903032,30.0,8.0,0.0139038420903032
Zn,65.4,139.0,1.65,9.394,0.0,38.67,0.0169678602760928,0.0169678602760928,6.0,2.0,0.0169678602760928
Pb,207.0,202.0,2.33,7.417,0.36,57.0,0.004986587856097,0.004986587856097,1.0,3.0,0.004986587856097
Mo,95.95,209.0,2.16,7.092,0.746,87.0,0.001369366761548,0.001369366761548,3.0,1.0,0.001369366761548
Li,7.0,182.0,0.98,5.392,0.618,164.1125,0.0188161244308876,0.0188161244308876,88.0,88.0,0.0188161244308876
Sm,150.4,229.0,1.17,5.644,0.0,192.0,0.017350697299099,0.017350697299099,6.0,2.0,0.017350697299099
Al,26.981538,184.0,1.61,5.986,0.441,57.8,0.0105114359347004,0.0105114359347004,1.0,3.0,0.0105114359347004
Mg,24.305,173.0,1.31,7.646,0.0,71.2,0.0143980847902445,0.0143980847902445,2.0,4.0,0.0143980847902445
Mg,24.305,173.0,1.31,7.646,0.0,71.2,0.0182105324019794,0.0182105324019794,4.0,2.0,0.0182105324019794
Ga,69.723,187.0,1.81,5.999,0.3,50.0,0.0113552870480013,0.0113552870480013,4.0,8.0,0.0113552870480013
Cd,112.41,158.0,1.69,8.994,0.0,46.0,0.0085416965176417,0.0085416965176417,2.0,6.0,0.0085416965176417
Pt,195.08,209.0,2.28,9.0,2.128,48.0,0.0098409657667179,0.0098409657667179,1.0,1.0,0.0098409657667179
Sb,121.76,206.0,2.05,8.64,1.07,43.0,0.0095982650342393,0.0095982650342393,12.0,6.0,0.0095982650342393
Al,26.981538,184.0,1.61,5.986,0.441,57.8,0.016756457317548,0.016756457317548,4.0,2.0,0.016756457317548
B,10.81,192.0,2.04,8.298,0.277,20.5,0.0108501425391585,0.0108501425391585,2.0,2.0,0.0108501425391585
As,74.92159,185.0,2.18,9.815,0.81,30.0,0.011737965306676,0.011737965306676,27.0,10.0,0.011737965306676
Te,127.6,206.0,2.1,9.01,1.971,38.0,0.0036663835754089,0.0036663835754089,12.0,36.0,0.0036663835754089
Pu,244.0642,243.0,1.28,6.06,0.0,145.0,0.0170238897097786,0.0170238897097786,3.0,1.0,0.0170238897097786
Li,7.0,182.0,0.98,5.392,0.618,164.1125,0.0184227530473159,0.0184227530473159,6.0,6.0,0.0184227530473159
Lu,174.9667,221.0,1.27,5.426,0.0,137.0,0.0173146515705968,0.0173146515705968,6.0,2.0,0.0173146515705968
Li,7.0,182.0,0.98,5.392,0.618,164.1125,0.0017977718923452,0.0017977718923452,1.0,1.0,0.0017977718923452
Pm,144.91276,236.0,0.0,5.55,0.0,200.0,0.025436806740734,0.025436806740734,3.0,1.0,0.025436806740734
Mg,24.305,173.0,1.31,7.646,0.0,71.2,0.0181231438430146,0.0181231438430146,5.0,1.0,0.0181231438430146
Ag,107.868,172.0,1.93,7.576,1.302,55.0,0.0112254195464436,0.0112254195464436,2.0,2.0,0.0112254195464436
Sn,118.71,217.0,1.96,7.344,1.2,53.0,0.0127597713328364,0.0127597713328364,85.0,20.0,0.0127597713328364
As,74.92159,185.0,2.18,9.815,0.81,30.0,0.0115872673109993,0.0115872673109993,6.0,2.0,0.0115872673109993
B,10.81,192.0,2.04,8.298,0.277,20.5,0.0010008373333783,0.0010008373333783,3.0,1.0,0.0010008373333783
Zn,65.4,139.0,1.65,9.394,0.0,38.67,0.003970923824848,0.003970923824848,2.0,26.0,0.003970923824848
Be,9.012183,153.0,1.57,9.323,0.0,37.74,0.0165259391066958,0.0165259391066958,3.0,1.0,0.0165259391066958
Mg,24.305,173.0,1.31,7.646,0.0,71.2,0.0184060000741154,0.0184060000741154,5.0,1.0,0.0184060000741154
Sn,118.71,217.0,1.96,7.344,1.2,53.0,0.0022149848621406,0.0022149848621406,4.0,10.0,0.0022149848621406
O,15.999,152.0,3.44,13.618,1.461,5.3,0.0113434604090239,0.0113434604090239,8.0,4.0,0.0113434604090239
Ga,69.723,187.0,1.81,5.999,0.3,50.0,0.0116302384195752,0.0116302384195752,2.0,6.0,0.0116302384195752
Ir,192.22,202.0,2.2,9.1,1.565,54.0,0.0130235883666295,0.0130235883666295,1.0,1.0,0.0130235883666295
Al,26.981538,184.0,1.61,5.986,0.441,57.8,0.016997657308235,0.016997657308235,9.0,4.0,0.016997657308235
Pt,195.08,209.0,2.28,9.0,2.128,48.0,0.0075205720693802,0.0075205720693802,1.0,3.0,0.0075205720693802
Mg,24.305,173.0,1.31,7.646,0.0,71.2,0.0145113327204981,0.0145113327204981,1.0,3.0,0.0145113327204981
Pd,106.42,202.0,2.2,8.337,0.557,26.14,0.0153312667036996,0.0153312667036996,1.0,7.0,0.0153312667036996
I,126.9045,198.0,2.66,10.451,3.059,32.9,0.0048408690897619,0.0048408690897619,2.0,2.0,0.0048408690897619
Ca,40.08,231.0,1.0,6.113,0.0,160.8,0.006825104482653,0.006825104482653,2.0,8.0,0.006825104482653
Eu,151.964,233.0,0.0,5.67,0.0,184.0,0.0264736544839168,0.0264736544839168,1.0,3.0,0.0264736544839168
Rh,102.9055,195.0,2.28,7.459,1.137,66.0,0.0008938504019247,0.0008938504019247,6.0,2.0,0.0008938504019247
Ga,69.723,187.0,1.81,5.999,0.3,50.0,0.0084142404903292,0.0084142404903292,4.0,14.0,0.0084142404903292
B,10.81,192.0,2.04,8.298,0.277,20.5,0.0010879295338342,0.0010879295338342,2.0,2.0,0.0010879295338342
Tl,204.383,196.0,1.62,6.108,0.2,66.0,0.0128242620512263,0.0128242620512263,12.0,12.0,0.0128242620512263
Pa,231.03588,243.0,1.5,5.89,0.0,200.0,0.0171476763848949,0.0171476763848949,1.0,1.0,0.0171476763848949
Al,26.981538,184.0,1.61,5.986,0.441,57.8,0.0105457578251164,0.0105457578251164,1.0,3.0,0.0105457578251164
Pu,244.0642,243.0,1.28,6.06,0.0,145.0,0.014716199064086,0.014716199064086,1.0,3.0,0.014716199064086
O,15.999,152.0,3.44,13.618,1.461,5.3,0.0095558458156167,0.0095558458156167,68.0,34.0,0.0095558458156167
Mg,24.305,173.0,1.31,7.646,0.0,71.2,0.012655035909469,0.012655035909469,2.0,4.0,0.012655035909469
Ge,72.63,211.0,2.01,7.9,1.35,40.0,0.0134908114255436,0.0134908114255436,88.0,20.0,0.0134908114255436
Ga,69.723,187.0,1.81,5.999,0.3,50.0,0.0117781040169393,0.0117781040169393,1.0,3.0,0.0117781040169393
Mg,24.305,173.0,1.31,7.646,0.0,71.2,0.0169403845504721,0.0169403845504721,4.0,2.0,0.0169403845504721
O,15.999,152.0,3.44,13.618,1.461,5.3,0.0033318432712172,0.0033318432712172,1.0,3.0,0.0033318432712172
Y,88.90584,219.0,1.22,6.217,0.307,162.0,0.0246620170117357,0.0246620170117357,1.0,3.0,0.0246620170117357
N,14.007,155.0,3.04,14.534,0.0,7.4,0.0057249036794436,0.0057249036794436,1.0,1.0,0.0057249036794436
C,12.011,170.0,2.55,11.26,1.263,11.3,0.0076051163977945,0.0076051163977945,2.0,2.0,0.0076051163977945
Pb,207.0,202.0,2.33,7.417,0.36,57.0,0.0076987349127119,0.0076987349127119,1.0,1.0,0.0076987349127119
Mg,24.305,173.0,1.31,7.646,0.0,71.2,0.0182170748284664,0.0182170748284664,3.0,1.0,0.0182170748284664
I,126.9045,198.0,2.66,10.451,3.059,32.9,0.0034036575752345,0.0034036575752345,2.0,2.0,0.0034036575752345
Er,167.26,235.0,1.24,6.108,0.0,150.0,0.0197624801180264,0.0197624801180264,2.0,6.0,0.0197624801180264
Ho,164.93033,216.0,1.23,6.022,0.0,156.0,0.0184954970109344,0.0184954970109344,6.0,2.0,0.0184954970109344
In,114.818,193.0,1.78,5.786,0.3,65.0,0.0178256459902983,0.0178256459902983,26.0,6.0,0.0178256459902983
Pt,195.08,209.0,2.28,9.0,2.128,48.0,0.0131948521677827,0.0131948521677827,3.0,1.0,0.0131948521677827
Mg,24.305,173.0,1.31,7.646,0.0,71.2,0.0166591848236125,0.0166591848236125,2.0,4.0,0.0166591848236125
Ce,140.116,235.0,1.12,5.539,0.5,205.0,0.012910891392535,0.012910891392535,3.0,1.0,0.012910891392535
O,15.999,152.0,3.44,13.618,1.461,5.3,0.0095173187875818,0.0095173187875818,2.0,1.0,0.0095173187875818
Dy,162.5,229.0,1.22,5.939,0.0,163.0,0.0304571082406915,0.0304571082406915,1.0,3.0,0.0304571082406915
Sn,118.71,217.0,1.96,7.344,1.2,53.0,0.0120707984597504,0.0120707984597504,14.0,4.0,0.0120707984597504
Ca,40.08,231.0,1.0,6.113,0.0,160.8,0.0163138013945347,0.0163138013945347,2.0,6.0,0.0163138013945347
S,32.07,180.0,2.58,10.36,2.077,19.4,0.0004285011992989,0.0004285011992989,2.0,8.0,0.0004285011992989
Nb,92.90637,207.0,1.6,6.759,0.893,98.0,0.0197004273795543,0.0197004273795543,6.0,2.0,0.0197004273795543
Cl,35.45,175.0,3.16,12.968,3.617,14.6,0.0069634571314085,0.0069634571314085,4.0,4.0,0.0069634571314085
O,15.999,152.0,3.44,13.618,1.461,5.3,0.0007772652430849,0.0007772652430849,1.0,8.0,0.0007772652430849
Be,9.012183,153.0,1.57,9.323,0.0,37.74,0.0162615121724675,0.0162615121724675,6.0,2.0,0.0162615121724675
Hg,200.59,209.0,2.0,10.438,0.0,33.0,0.0130261913902033,0.0130261913902033,3.0,1.0,0.0130261913902033
N,14.007,155.0,3.04,14.534,0.0,7.4,0.0027373421707566,0.0027373421707566,1.0,3.0,0.0027373421707566
Tb,158.92535,221.0,0.0,5.864,0.0,170.0,0.0286806433146785,0.0286806433146785,1.0,3.0,0.0286806433146785
Li,7.0,182.0,0.98,5.392,0.618,164.1125,0.0177327225036134,0.0177327225036134,1.0,1.0,0.0177327225036134
Si,28.085,210.0,1.9,8.152,1.385,37.3,0.0075093971147776,0.0075093971147776,8.0,8.0,0.0075093971147776
Ni,58.693,163.0,1.91,7.64,1.156,49.0,0.0021323079656081,0.0021323079656081,3.0,1.0,0.0021323079656081
Ge,72.63,211.0,2.01,7.9,1.35,40.0,0.0127701341519211,0.0127701341519211,14.0,4.0,0.0127701341519211
Mg,24.305,173.0,1.31,7.646,0.0,71.2,0.0145381954759066,0.0145381954759066,2.0,4.0,0.0145381954759066
Si,28.085,210.0,1.9,8.152,1.385,37.3,0.000570098429859,0.000570098429859,8.0,8.0,0.000570098429859
Au,196.96657,166.0,2.54,9.226,2.309,36.06,0.0086954215114302,0.0086954215114302,1.0,1.0,0.0086954215114302
Cd,112.41,158.0,1.69,8.994,0.0,46.0,0.0154689422101515,0.0154689422101515,3.0,1.0,0.0154689422101515
Cd,112.41,158.0,1.69,8.994,0.0,46.0,0.0087673713817695,0.0087673713817695,1.0,3.0,0.0087673713817695
Br,79.9,183.0,2.96,11.814,3.365,21.0,0.0067282605541535,0.0067282605541535,1.0,1.0,0.0067282605541535
In,114.818,193.0,1.78,5.786,0.3,65.0,0.0158885857309179,0.0158885857309179,4.0,2.0,0.0158885857309179
Mg,24.305,173.0,1.31,7.646,0.0,71.2,0.0132209370095197,0.0132209370095197,1.0,5.0,0.0132209370095197
Al,26.981538,184.0,1.61,5.986,0.441,57.8,0.0027722314225559,0.0027722314225559,7.0,6.0,0.0027722314225559
Pt,195.08,209.0,2.28,9.0,2.128,48.0,0.0073436802352406,0.0073436802352406,1.0,7.0,0.0073436802352406
B,10.81,192.0,2.04,8.298,0.277,20.5,0.0051317163467162,0.0051317163467162,1.0,11.0,0.0051317163467162
Ho,164.93033,216.0,1.23,6.022,0.0,156.0,0.0168206044417904,0.0168206044417904,2.0,6.0,0.0168206044417904
In,114.818,193.0,1.78,5.786,0.3,65.0,0.0141112010859746,0.0141112010859746,2.0,2.0,0.0141112010859746
Mg,24.305,173.0,1.31,7.646,0.0,71.2,0.0152645504390353,0.0152645504390353,3.0,3.0,0.0152645504390353
Ca,40.08,231.0,1.0,6.113,0.0,160.8,0.0206551974991243,0.0206551974991243,3.0,1.0,0.0206551974991243
S,32.07,180.0,2.58,10.36,2.077,19.4,0.0004285011992989,0.0004285011992989,2.0,8.0,0.0004285011992989
Ge,72.63,211.0,2.01,7.9,1.35,40.0,0.010151166014746,0.010151166014746,22.0,12.0,0.010151166014746
O,15.999,152.0,3.44,13.618,1.461,5.3,0.0095050840075983,0.0095050840075983,68.0,34.0,0.0095050840075983
Mg,24.305,173.0,1.31,7.646,0.0,71.2,0.0162378583052591,0.0162378583052591,2.0,4.0,0.0162378583052591
F,18.99840316,135.0,3.98,17.423,3.339,3.74,0.0033761214525335,0.0033761214525335,2.0,6.0,0.0033761214525335
Ac,227.02775,260.0,1.1,5.17,0.0,282.0,0.0154672696953513,0.0154672696953513,3.0,1.0,0.0154672696953513
Li,7.0,182.0,0.98,5.392,0.618,164.1125,0.0193355713440439,0.0193355713440439,23.0,23.0,0.0193355713440439
Ca,40.08,231.0,1.0,6.113,0.0,160.8,0.0192974153913607,0.0192974153913607,8.0,4.0,0.0192974153913607
Sb,121.76,206.0,2.05,8.64,1.07,43.0,0.0051126427111905,0.0051126427111905,1.0,3.0,0.0051126427111905
La,138.9055,240.0,1.1,5.577,0.5,215.0,0.0208379655843068,0.0208379655843068,2.0,6.0,0.0208379655843068
Ag,107.868,172.0,1.93,7.576,1.302,55.0,0.0140621715937622,0.0140621715937622,3.0,1.0,0.0140621715937622
Li,7.0,182.0,0.98,5.392,0.618,164.1125,0.001991283824443,0.001991283824443,1.0,1.0,0.001991283824443
Mg,24.305,173.0,1.31,7.646,0.0,71.2,0.0130344587511252,0.0130344587511252,4.0,12.0,0.0130344587511252
Zn,65.4,139.0,1.65,9.394,0.0,38.67,0.0151697469451328,0.0151697469451328,3.0,1.0,0.0151697469451328
Ga,69.723,187.0,1.81,5.999,0.3,50.0,0.0039473856203636,0.0039473856203636,5.0,4.0,0.0039473856203636
Ag,107.868,172.0,1.93,7.576,1.302,55.0,0.0097291847819429,0.0097291847819429,1.0,3.0,0.0097291847819429
Mg,24.305,173.0,1.31,7.646,0.0,71.2,0.0165910632533828,0.0165910632533828,2.0,2.0,0.0165910632533828
Sn,118.71,217.0,1.96,7.344,1.2,53.0,0.0016404817564149,0.0016404817564149,6.0,6.0,0.0016404817564149
B,10.81,192.0,2.04,8.298,0.277,20.5,0.0052965052892562,0.0052965052892562,1.0,11.0,0.0052965052892562
Yb,173.05,242.0,0.0,6.254,0.0,139.0,0.0264285020185187,0.0264285020185187,1.0,3.0,0.0264285020185187
Mg,24.305,173.0,1.31,7.646,0.0,71.2,0.0156018072372357,0.0156018072372357,2.0,4.0,0.0156018072372357
Mg,24.305,173.0,1.31,7.646,0.0,71.2,0.0182179638663161,0.0182179638663161,3.0,1.0,0.0182179638663161
Mg,24.305,173.0,1.31,7.646,0.0,71.2,0.0177347761184307,0.0177347761184307,5.0,1.0,0.0177347761184307
N,14.007,155.0,3.04,14.534,0.0,7.4,0.010151536675364,0.010151536675364,2.0,1.0,0.010151536675364
Pt,195.08,209.0,2.28,9.0,2.128,48.0,0.0098873015616671,0.0098873015616671,8.0,2.0,0.0098873015616671
Cr,51.996,189.0,1.66,6.767,0.666,83.0,0.0014992341325515,0.0014992341325515,3.0,1.0,0.0014992341325515
Th,232.038,237.0,1.3,6.08,0.0,240.0,0.0159540780399607,0.0159540780399607,3.0,1.0,0.0159540780399607
Rh,102.9055,195.0,2.28,7.459,1.137,66.0,0.0166990250169968,0.0166990250169968,1.0,1.0,0.0166990250169968
Ga,69.723,187.0,1.81,5.999,0.3,50.0,0.0069364888662865,0.0069364888662865,3.0,14.0,0.0069364888662865
Bi,208.9804,207.0,2.02,7.289,0.946,53.0,0.0108530740036871,0.0108530740036871,6.0,2.0,0.0108530740036871
O,15.999,152.0,3.44,13.618,1.461,5.3,0.0010620963944123,0.0010620963944123,1.0,1.0,0.0010620963944123
Y,88.90584,219.0,1.22,6.217,0.307,162.0,0.0242932115262903,0.0242932115262903,1.0,3.0,0.0242932115262903
O,15.999,152.0,3.44,13.618,1.461,5.3,0.0008869820085797,0.0008869820085797,1.0,2.0,0.0008869820085797
Pt,195.08,209.0,2.28,9.0,2.128,48.0,0.0108320183468317,0.0108320183468317,2.0,4.0,0.0108320183468317
Ag,107.868,172.0,1.93,7.576,1.302,55.0,0.0135160052878406,0.0135160052878406,6.0,2.0,0.0135160052878406
N,14.007,155.0,3.04,14.534,0.0,7.4,0.0056301786443849,0.0056301786443849,4.0,4.0,0.0056301786443849
Be,9.012183,153.0,1.57,9.323,0.0,37.74,0.016477627548418,0.016477627548418,1.0,1.0,0.016477627548418
O,15.999,152.0,3.44,13.618,1.461,5.3,0.0008161283721689,0.0008161283721689,1.0,8.0,0.0008161283721689
W,183.84,210.0,2.36,7.98,0.815,68.0,0.0010243872357269,0.0010243872357269,6.0,2.0,0.0010243872357269
Tb,158.92535,221.0,0.0,5.864,0.0,170.0,0.00387768691868,0.00387768691868,6.0,2.0,0.00387768691868
Te,127.6,206.0,2.1,9.01,1.971,38.0,0.0135867223326156,0.0135867223326156,6.0,2.0,0.0135867223326156
Gd,157.25,237.0,1.2,6.15,0.0,158.0,0.019037768812911,0.019037768812911,6.0,2.0,0.019037768812911
Sn,118.71,217.0,1.96,7.344,1.2,53.0,0.0024927406081248,0.0024927406081248,1.0,3.0,0.0024927406081248
Si,28.085,210.0,1.9,8.152,1.385,37.3,0.0018855886678763,0.0018855886678763,2.0,6.0,0.0018855886678763
Mg,24.305,173.0,1.31,7.646,0.0,71.2,0.015270827171065,0.015270827171065,2.0,6.0,0.015270827171065
Mn,54.93804,197.0,1.55,7.434,0.0,68.0,0.0031490046097577,0.0031490046097577,1.0,1.0,0.0031490046097577
Al,26.981538,184.0,1.61,5.986,0.441,57.8,0.0105910604178185,0.0105910604178185,4.0,8.0,0.0105910604178185
P,30.973762,180.0,2.19,10.487,0.746,25.0,0.0015087894660265,0.0015087894660265,8.0,56.0,0.0015087894660265
As,74.92159,185.0,2.18,9.815,0.81,30.0,0.0033715430803786,0.0033715430803786,48.0,112.0,0.0033715430803786
Li,7.0,182.0,0.98,5.392,0.618,164.1125,0.018141578663381,0.018141578663381,2.0,2.0,0.018141578663381
Zn,65.4,139.0,1.65,9.394,0.0,38.67,0.0151430650680726,0.0151430650680726,3.0,1.0,0.0151430650680726
Mg,24.305,173.0,1.31,7.646,0.0,71.2,0.0164437941931987,0.0164437941931987,4.0,1.0,0.0164437941931987
Sb,121.76,206.0,2.05,8.64,1.07,43.0,0.0115964585737719,0.0115964585737719,6.0,2.0,0.0115964585737719
I,126.9045,198.0,2.66,10.451,3.059,32.9,0.0047357374226162,0.0047357374226162,1.0,1.0,0.0047357374226162
Ag,107.868,172.0,1.93,7.576,1.302,55.0,0.0097098730384282,0.0097098730384282,1.0,3.0,0.0097098730384282
Pd,106.42,202.0,2.2,8.337,0.557,26.14,0.0174899762175015,0.0174899762175015,3.0,1.0,0.0174899762175015
Mg,24.305,173.0,1.31,7.646,0.0,71.2,0.0162322838354511,0.0162322838354511,4.0,2.0,0.0162322838354511
Ge,72.63,211.0,2.01,7.9,1.35,40.0,0.0013657398914888,0.0013657398914888,8.0,8.0,0.0013657398914888
Si,28.085,210.0,1.9,8.152,1.385,37.3,0.0006762462959074,0.0006762462959074,4.0,2.0,0.0006762462959074
Ni,58.693,163.0,1.91,7.64,1.156,49.0,0.0031269613039282,0.0031269613039282,1.0,3.0,0.0031269613039282
Mg,24.305,173.0,1.31,7.646,0.0,71.2,0.0159320209260951,0.0159320209260951,2.0,4.0,0.0159320209260951
Ho,164.93033,216.0,1.23,6.022,0.0,156.0,0.0179371468106402,0.0179371468106402,1.0,3.0,0.0179371468106402
Yb,173.05,242.0,0.0,6.254,0.0,139.0,0.0225577670836638,0.0225577670836638,6.0,2.0,0.0225577670836638
Mg,24.305,173.0,1.31,7.646,0.0,71.2,0.015194491209842,0.015194491209842,2.0,4.0,0.015194491209842
Si,28.085,210.0,1.9,8.152,1.385,37.3,0.0011979460151208,0.0011979460151208,2.0,2.0,0.0011979460151208
Sn,118.71,217.0,1.96,7.344,1.2,53.0,0.0123106885619125,0.0123106885619125,88.0,20.0,0.0123106885619125
Eu,151.964,233.0,0.0,5.67,0.0,184.0,0.0193445189603951,0.0193445189603951,6.0,2.0,0.0193445189603951
S,32.07,180.0,2.58,10.36,2.077,19.4,0.0072747946323083,0.0072747946323083,4.0,2.0,0.0072747946323083
N,14.007,155.0,3.04,14.534,0.0,7.4,0.0119106855165112,0.0119106855165112,6.0,2.0,0.0119106855165112
O,15.999,152.0,3.44,13.618,1.461,5.3,0.0008670995731989,0.0008670995731989,1.0,8.0,0.0008670995731989
Pm,144.91276,236.0,0.0,5.55,0.0,200.0,0.0171926528091191,0.0171926528091191,6.0,2.0,0.0171926528091191
O,15.999,152.0,3.44,13.618,1.461,5.3,0.0065864054749602,0.0065864054749602,4.0,4.0,0.0065864054749602
Mg,24.305,173.0,1.31,7.646,0.0,71.2,0.0132256325482184,0.0132256325482184,1.0,5.0,0.0132256325482184
Cu,63.55,140.0,1.9,7.726,1.228,46.5,0.0174490074260236,0.0174490074260236,3.0,1.0,0.0174490074260236
Er,167.26,235.0,1.24,6.108,0.0,150.0,0.0184661385317093,0.0184661385317093,6.0,2.0,0.0184661385317093
S,32.07,180.0,2.58,10.36,2.077,19.4,0.0076709509839932,0.0076709509839932,1.0,1.0,0.0076709509839932
Te,127.6,206.0,2.1,9.01,1.971,38.0,0.0092499142982784,0.0092499142982784,2.0,1.0,0.0092499142982784
B,10.81,192.0,2.04,8.298,0.277,20.5,0.0019220224323156,0.0019220224323156,2.0,6.0,0.0019220224323156
Al,26.981538,184.0,1.61,5.986,0.441,57.8,0.0150260437299618,0.0150260437299618,2.0,2.0,0.0150260437299618
Zn,65.4,139.0,1.65,9.394,0.0,38.67,0.0121164068774745,0.0121164068774745,4.0,8.0,0.0121164068774745
Mg,24.305,173.0,1.31,7.646,0.0,71.2,0.0161538646454453,0.0161538646454453,2.0,4.0,0.0161538646454453
Mg,24.305,173.0,1.31,7.646,0.0,71.2,0.0151909213083102,0.0151909213083102,2.0,2.0,0.0151909213083102
Al,26.981538,184.0,1.61,5.986,0.441,57.8,0.0141564266145332,0.0141564266145332,4.0,4.0,0.0141564266145332
Al,26.981538,184.0,1.61,5.986,0.441,57.8,0.0182875311182473,0.0182875311182473,3.0,1.0,0.0182875311182473
Sb,121.76,206.0,2.05,8.64,1.07,43.0,0.0102019882671319,0.0102019882671319,12.0,6.0,0.0102019882671319
Cd,112.41,158.0,1.69,8.994,0.0,46.0,0.0084589256087802,0.0084589256087802,1.0,3.0,0.0084589256087802
La,138.9055,240.0,1.1,5.577,0.5,215.0,0.0207984021167516,0.0207984021167516,1.0,3.0,0.0207984021167516
Mg,24.305,173.0,1.31,7.646,0.0,71.2,0.0167479099335375,0.0167479099335375,4.0,2.0,0.0167479099335375
In,114.818,193.0,1.78,5.786,0.3,65.0,0.0137950381164241,0.0137950381164241,5.0,4.0,0.0137950381164241
Au,196.96657,166.0,2.54,9.226,2.309,36.06,0.009472878446506,0.009472878446506,1.0,1.0,0.009472878446506
N,14.007,155.0,3.04,14.534,0.0,7.4,0.0075857535344837,0.0075857535344837,3.0,1.0,0.0075857535344837
In,114.818,193.0,1.78,5.786,0.3,65.0,0.0098629805085917,0.0098629805085917,1.0,3.0,0.0098629805085917
Mg,24.305,173.0,1.31,7.646,0.0,71.2,0.0157210970801618,0.0157210970801618,3.0,3.0,0.0157210970801618
O,15.999,152.0,3.44,13.618,1.461,5.3,0.0009650896489951,0.0009650896489951,1.0,8.0,0.0009650896489951
Np,237.048172,221.0,1.36,6.266,0.0,160.0,0.0118149268908448,0.0118149268908448,1.0,3.0,0.0118149268908448
B,10.81,192.0,2.04,8.298,0.277,20.5,0.001234364603176,0.001234364603176,2.0,1.0,0.001234364603176
Cd,112.41,158.0,1.69,8.994,0.0,46.0,0.01292847161396,0.01292847161396,2.0,2.0,0.01292847161396
P,30.973762,180.0,2.19,10.487,0.746,25.0,0.0032020529363013,0.0032020529363013,2.0,6.0,0.0032020529363013
Au,196.96657,166.0,2.54,9.226,2.309,36.06,0.0139982989572468,0.0139982989572468,3.0,1.0,0.0139982989572468
Tl,204.383,196.0,1.62,6.108,0.2,66.0,0.0161931413407314,0.0161931413407314,1.0,1.0,0.0161931413407314
Sn,118.71,217.0,1.96,7.344,1.2,53.0,0.0108514950312202,0.0108514950312202,14.0,6.0,0.0108514950312202
Pb,207.0,202.0,2.33,7.417,0.36,57.0,0.0114046933540028,0.0114046933540028,7.0,2.0,0.0114046933540028
Mg,24.305,173.0,1.31,7.646,0.0,71.2,0.0158912383524396,0.0158912383524396,1.0,1.0,0.0158912383524396
O,15.999,152.0,3.44,13.618,1.461,5.3,0.000960030290061,0.000960030290061,2.0,4.0,0.000960030290061
H,1.008,120.0,2.2,13.598,0.754,4.50711,0.0105417603689542,0.0105417603689542,1.0,1.0,0.0105417603689542
Mg,24.305,173.0,1.31,7.646,0.0,71.2,0.0173162979282055,0.0173162979282055,3.0,1.0,0.0173162979282055
W,183.84,210.0,2.36,7.98,0.815,68.0,0.0034711467606648,0.0034711467606648,1.0,3.0,0.0034711467606648
B,10.81,192.0,2.04,8.298,0.277,20.5,0.002580387498038,0.002580387498038,2.0,18.0,0.002580387498038
P,30.973762,180.0,2.19,10.487,0.746,25.0,0.0015668886290036,0.0015668886290036,4.0,20.0,0.0015668886290036
Re,186.207,217.0,1.9,7.88,0.15,62.0,0.0041880876469882,0.0041880876469882,1.0,3.0,0.0041880876469882
Mg,24.305,173.0,1.31,7.646,0.0,71.2,0.0160399552211104,0.0160399552211104,2.0,4.0,0.0160399552211104
Mg,24.305,173.0,1.31,7.646,0.0,71.2,0.0177386615519782,0.0177386615519782,5.0,1.0,0.0177386615519782
N,14.007,155.0,3.04,14.534,0.0,7.4,0.0073663880178028,0.0073663880178028,3.0,2.0,0.0073663880178028
B,10.81,192.0,2.04,8.298,0.277,20.5,0.0075858053140545,0.0075858053140545,4.0,12.0,0.0075858053140545
Pu,244.0642,243.0,1.28,6.06,0.0,145.0,0.0174188413178455,0.0174188413178455,3.0,1.0,0.0174188413178455
Ge,72.63,211.0,2.01,7.9,1.35,40.0,0.0121734865470054,0.0121734865470054,3.0,1.0,0.0121734865470054
O,15.999,152.0,3.44,13.618,1.461,5.3,0.0008155392294303,0.0008155392294303,1.0,8.0,0.0008155392294303
Ga,69.723,187.0,1.81,5.999,0.3,50.0,0.0033811252307985,0.0033811252307985,4.0,2.0,0.0033811252307985
Be,9.012183,153.0,1.57,9.323,0.0,37.74,0.0036991854186739,0.0036991854186739,2.0,2.0,0.0036991854186739
Mg,24.305,173.0,1.31,7.646,0.0,71.2,0.0158577481673781,0.0158577481673781,3.0,3.0,0.0158577481673781
P,30.973762,180.0,2.19,10.487,0.746,25.0,0.0032119816249207,0.0032119816249207,12.0,28.0,0.0032119816249207
Ag,107.868,172.0,1.93,7.576,1.302,55.0,0.011748702206599,0.011748702206599,6.0,4.0,0.011748702206599
O,15.999,152.0,3.44,13.618,1.461,5.3,0.0091506252507879,0.0091506252507879,68.0,34.0,0.0091506252507879
F,18.99840316,135.0,3.98,17.423,3.339,3.74,0.0094625736928488,0.0094625736928488,1.0,1.0,0.0094625736928488
Cr,51.996,189.0,1.66,6.767,0.666,83.0,0.0016928325907377,0.0016928325907377,3.0,1.0,0.0016928325907377
Tl,204.383,196.0,1.62,6.108,0.2,66.0,0.0106459024843115,0.0106459024843115,1.0,3.0,0.0106459024843115
Pm,144.91276,236.0,0.0,5.55,0.0,200.0,0.0314518876161807,0.0314518876161807,1.0,3.0,0.0314518876161807
Mg,24.305,173.0,1.31,7.646,0.0,71.2,0.0101129548514297,0.0101129548514297,1.0,149.0,0.0101129548514297
Pt,195.08,209.0,2.28,9.0,2.128,48.0,0.0140119329277146,0.0140119329277146,3.0,1.0,0.0140119329277146
O,15.999,152.0,3.44,13.618,1.461,5.3,0.0007533398201792,0.0007533398201792,1.0,8.0,0.0007533398201792
