Symbol,AtomicMass,AtomicRadius,Electronegativity,IonizationEnergy,ElectronAffinity,Polarizability,results_per_total,results_per_li,LiSites,CounterIonSites,results_per_counter_ion,res_per_volm_per_site,Result
Ba,137.33,268.0,0.89,5.212,,272.0,0.018816124430887617,0.026941269071498183,88.0,88.0,0.026941269071498183,0.0005594871421586421,5.59487142158642
Ba,137.33,268.0,0.89,5.212,,272.0,0.015293689961973486,0.061174759847893945,1.0,1.0,0.061174759847893945,0.0002785746160991824,2.785746160991824
Ba,137.33,268.0,0.89,5.212,,272.0,0.018343399180422666,0.022929248975528334,24.0,24.0,0.022929248975528334,0.0006063742131407352,6.063742131407352
K,39.0983,275.0,0.82,4.341,0.501,289.7,0.00199128382444305,0.0079651352977722,1.0,1.0,0.0079651352977722,3.3661428904199085e-05,0.33661428904199087
K,39.0983,275.0,0.82,4.341,0.501,289.7,0.0019257162265210628,0.007702864906084251,1.0,1.0,0.007702864906084251,3.3833090168078387e-05,0.3383309016807839
K,39.0983,275.0,0.82,4.341,0.501,289.7,0.002116585127673875,0.0084663405106955,1.0,1.0,0.0084663405106955,3.646323726877234e-05,0.36463237268772336
K,39.0983,275.0,0.82,4.341,0.501,289.7,0.011820221233091701,0.0157602949774556,3.0,3.0,0.0157602949774556,0.0003636184651381692,3.6361846513816922
K,39.0983,275.0,0.82,4.341,0.501,289.7,0.012355850632417373,0.01647446750988983,3.0,3.0,0.01647446750988983,0.0003912369659761718,3.912369659761718
Pb,207.0,202.0,2.33,7.417,0.36,57.0,0.011863857096235537,0.0154230142251062,40.0,12.0,0.05141004741702066,0.0005969922535261272,5.969922535261272
Ge,72.63,211.0,2.01,7.9,1.35,40.0,0.010151166014746013,0.01568816565915293,22.0,12.0,0.028761637041780374,0.0006200753492187874,6.200753492187874
Ge,72.63,211.0,2.01,7.9,1.35,40.0,0.0010342825138736184,0.0016376139802998957,96.0,56.0,0.0028073382519426785,6.0512571983221284e-05,0.6051257198322129
Si,28.085,210.0,1.9,8.152,1.385,37.3,0.0008369527861343423,0.0013251752447127087,96.0,56.0,0.002271728990936072,5.3094990095240654e-05,0.5309499009524066
In,114.818,193.0,1.78,5.786,0.3,65.0,0.017825645990298376,0.021939256603444153,26.0,6.0,0.095070111948258,0.000988500082294298,9.88500082294298
Si,28.085,210.0,1.9,8.152,1.385,37.3,0.012034943658298089,0.015738003245466734,26.0,8.0,0.05114851054776688,0.0007814776645293501,7.814776645293501
Sn,118.71,217.0,1.96,7.344,1.2,53.0,0.0009550355455569167,0.0013223569092326538,13.0,5.0,0.0034381279640049002,5.3687443972749226e-05,0.5368744397274923
Au,196.96657,166.0,2.54,9.226,2.309,36.06,0.014250476240311408,0.018050603237727784,30.0,8.0,0.06768976214147919,0.0008837939841711745,8.837939841711744
Ge,72.63,211.0,2.01,7.9,1.35,40.0,0.01390384209030329,0.017611533314384167,30.0,8.0,0.06604324992894063,0.0008887388567621538,8.887388567621537
Pd,106.42,202.0,2.2,8.337,0.557,26.14,0.01675567471834174,0.021223854643232867,30.0,8.0,0.07958945491212326,0.0010818092658280267,10.818092658280266
Si,28.085,210.0,1.9,8.152,1.385,37.3,0.013847689615975592,0.017540406846902414,30.0,8.0,0.06577652567588406,0.000894723487241199,8.94723487241199
Pb,207.0,202.0,2.33,7.417,0.36,57.0,0.01348998312756162,0.016664096804634942,85.0,20.0,0.0708224114196985,0.0007137679205759464,7.137679205759464
Sn,118.71,217.0,1.96,7.344,1.2,53.0,0.012759771332836428,0.015762070469974413,85.0,20.0,0.06698879949739125,0.0007048584261500627,7.0485842615006264
Si,28.085,210.0,1.9,8.152,1.385,37.3,0.013140352037946971,0.016269007285077203,84.0,20.0,0.06832983059732425,0.0008588129533928696,8.588129533928695
Ge,72.63,211.0,2.01,7.9,1.35,40.0,0.013490811425543613,0.016556904931348978,88.0,20.0,0.0728503816979355,0.0008680234680251966,8.680234680251965
Pb,207.0,202.0,2.33,7.417,0.36,57.0,0.014003003460456203,0.017185504246923524,88.0,20.0,0.0756162186864635,0.0007521978541213252,7.521978541213253
Si,28.085,210.0,1.9,8.152,1.385,37.3,0.013518212707945601,0.01659053377793324,88.0,20.0,0.07299834862290625,0.0009009962576779852,9.009962576779852
Sn,118.71,217.0,1.96,7.344,1.2,53.0,0.012310688561912544,0.015108572325983578,88.0,20.0,0.06647771823432774,0.000692932619399482,6.92932619399482
As,74.92159,185.0,2.18,9.815,0.81,30.0,0.01173796530667608,0.016085359864704257,27.0,10.0,0.0434304716347015,0.000764553743484511,7.64553743484511
Sb,121.76,206.0,2.05,8.64,1.07,43.0,0.012270265854081716,0.01681480876300087,27.0,10.0,0.04539998366010235,0.0006583941268930843,6.583941268930843
Al,26.981538,184.0,1.61,5.986,0.441,57.8,0.016756457317548084,0.025134685976322124,4.0,2.0,0.05026937195264425,0.0010240088201384754,10.240088201384754
Al,26.981538,184.0,1.61,5.986,0.441,57.8,0.0153812604129275,0.02307189061939125,8.0,4.0,0.0461437812387825,0.0008244365305839865,8.244365305839866
B,10.81,192.0,2.04,8.298,0.277,20.5,0.0012343646031760004,0.0018515469047640006,2.0,1.0,0.0037030938095280012,0.00013919105478536208,1.391910547853621
Ca,40.08,231.0,1.0,6.113,,160.8,0.019033566299820535,0.028550349449730804,4.0,2.0,0.05710069889946161,0.0006725782893452156,6.725782893452156
Ca,40.08,231.0,1.0,6.113,,160.8,0.01929741539136075,0.028946123087041125,8.0,4.0,0.05789224617408225,0.0006845474004096806,6.845474004096807
Cd,112.41,158.0,1.69,8.994,,46.0,0.012951799447437582,0.019427699171156373,8.0,4.0,0.03885539834231275,0.0006049898257684887,6.049898257684887
C,12.011,170.0,2.55,11.26,1.263,11.3,0.010430360906489966,0.01564554135973495,2.0,1.0,0.0312910827194699,0.000894516702795378,8.945167027953781
Ga,69.723,187.0,1.81,5.999,0.3,50.0,0.008414240490329277,0.03786408220648175,4.0,14.0,0.010818309201851927,0.0004475186525772437,4.475186525772437
Ga,69.723,187.0,1.81,5.999,0.3,50.0,0.003381125230798584,0.005071687846197876,4.0,2.0,0.010143375692395751,0.000224580387881484,2.24580387881484
In,114.818,193.0,1.78,5.786,0.3,65.0,0.0158885857309179,0.02383287859637685,4.0,2.0,0.0476657571927537,0.0008629897598199533,8.629897598199532
Mg,24.305,173.0,1.31,7.646,,71.2,0.015972585708462966,0.02395887856269445,4.0,2.0,0.0479177571253889,0.0007737303251916095,7.737303251916095
Mg,24.305,173.0,1.31,7.646,,71.2,0.018210532401979434,0.02731579860296915,4.0,2.0,0.0546315972059383,0.0008599328913827792,8.599328913827792
Mg,24.305,173.0,1.31,7.646,,71.2,0.01635847971691933,0.024537719575378997,4.0,2.0,0.049075439150757995,0.0007980115737352179,7.980115737352179
Mg,24.305,173.0,1.31,7.646,,71.2,0.016747909933537558,0.025121864900306337,4.0,2.0,0.050243729800612674,0.0008190535147650581,8.19053514765058
Mg,24.305,173.0,1.31,7.646,,71.2,0.016573127627500753,0.02485969144125113,4.0,2.0,0.04971938288250226,0.0008125076106280225,8.125076106280225
Mg,24.305,173.0,1.31,7.646,,71.2,0.01710104140929543,0.02565156211394315,4.0,2.0,0.0513031242278863,0.0008478715162686398,8.478715162686397
Mg,24.305,173.0,1.31,7.646,,71.2,0.016511373111389366,0.02476705966708405,4.0,2.0,0.0495341193341681,0.0008169659314601231,8.169659314601232
Mg,24.305,173.0,1.31,7.646,,71.2,0.016232283835451115,0.024348425753176674,4.0,2.0,0.04869685150635335,0.000788892368110128,7.88892368110128
Mg,24.305,173.0,1.31,7.646,,71.2,0.017195114853695497,0.025792672280543247,4.0,2.0,0.051585344561086495,0.0008614505344781485,8.614505344781485
Mg,24.305,173.0,1.31,7.646,,71.2,0.016940384550472167,0.02541057682570825,4.0,2.0,0.0508211536514165,0.0008025184778899901,8.0251847788999
Mg,24.305,173.0,1.31,7.646,,71.2,0.015393274413614176,0.023089911620421264,4.0,2.0,0.04617982324084253,0.0007406687667256043,7.406687667256043
Mg,24.305,173.0,1.31,7.646,,71.2,0.01620412097823212,0.024306181467348177,4.0,2.0,0.048612362934696354,0.0007898224658663135,7.8982246586631355
N,14.007,155.0,3.04,14.534,,7.4,0.01015153667536405,0.015227305013046075,2.0,1.0,0.03045461002609215,0.0010711412584620283,10.711412584620284
O,15.999,152.0,3.44,13.618,1.461,5.3,0.0009431894084540749,0.0018863788169081498,1.0,1.0,0.0018863788169081498,0.00012397123504384296,1.2397123504384295
O,15.999,152.0,3.44,13.618,1.461,5.3,0.0010620963944123,0.0021241927888246,1.0,1.0,0.0021241927888246,0.00012991430160302786,1.2991430160302786
O,15.999,152.0,3.44,13.618,1.461,5.3,0.00658640547496025,0.0131728109499205,4.0,4.0,0.0131728109499205,0.0006919140254355078,6.919140254355078
O,15.999,152.0,3.44,13.618,1.461,5.3,0.0006939110828974998,0.0013878221657949996,4.0,4.0,0.0013878221657949996,8.79650418040317e-05,0.879650418040317
O,15.999,152.0,3.44,13.618,1.461,5.3,0.008374927601858725,0.012562391402788087,68.0,34.0,0.025124782805576173,0.0008524738105996186,8.524738105996187
O,15.999,152.0,3.44,13.618,1.461,5.3,0.009150625250787942,0.013725937876181912,68.0,34.0,0.027451875752363825,0.0008946932907852831,8.946932907852831
O,15.999,152.0,3.44,13.618,1.461,5.3,0.009555845815616715,0.014333768723425074,68.0,34.0,0.028667537446850147,0.0009924824533622467,9.924824533622466
O,15.999,152.0,3.44,13.618,1.461,5.3,0.009505084007598332,0.014257626011397498,68.0,34.0,0.028515252022794996,0.0009902003649908647,9.902003649908647
O,15.999,152.0,3.44,13.618,1.461,5.3,0.009517318787581816,0.014275978181372724,2.0,1.0,0.028551956362745448,0.0011331783274980002,11.331783274980001
O,15.999,152.0,3.44,13.618,1.461,5.3,0.011343460409023917,0.017015190613535874,8.0,4.0,0.03403038122707175,0.0015057894347418222,15.057894347418221
Pd,106.42,202.0,2.2,8.337,0.557,26.14,0.0035551581521786175,0.005332737228267926,2.0,1.0,0.010665474456535852,0.00025988493939855807,2.5988493939855806
Pt,195.08,209.0,2.28,9.0,2.128,48.0,0.011026604177195018,0.016539906265792527,2.0,1.0,0.033079812531585054,0.0008304126456701344,8.304126456701344
Sb,121.76,206.0,2.05,8.64,1.07,43.0,0.010201988267131944,0.015302982400697917,12.0,6.0,0.030605964801395835,0.0005234804629297378,5.234804629297378
Sb,121.76,206.0,2.05,8.64,1.07,43.0,0.009598265034239361,0.014397397551359041,12.0,6.0,0.028794795102718082,0.00048038622612758,4.8038622612758
Se,78.97,190.0,2.55,9.752,2.021,28.9,0.009659878001782918,0.014489817002674377,2.0,1.0,0.028979634005348753,0.0005497240546315091,5.497240546315091
Si,28.085,210.0,1.9,8.152,1.385,37.3,0.0006762462959074836,0.0010143694438612253,4.0,2.0,0.0020287388877224507,4.052523373100308e-05,0.4052523373100308
Sn,118.71,217.0,1.96,7.344,1.2,53.0,0.002214984862140686,0.007752447017492401,4.0,10.0,0.0031009788069969605,9.421022555929212e-05,0.9421022555929212
S,32.07,180.0,2.58,10.36,2.077,19.4,0.011492868933480333,0.0172393034002205,8.0,4.0,0.034478606800441,0.0008070252529462686,8.070252529462685
S,32.07,180.0,2.58,10.36,2.077,19.4,0.010985183275117135,0.016477774912675703,2.0,1.0,0.032955549825351406,0.0007230398644367353,7.2303986443673525
S,32.07,180.0,2.58,10.36,2.077,19.4,0.009078917697892923,0.013618376546839384,22.0,11.0,0.02723675309367877,0.0005894421499285596,5.894421499285596
S,32.07,180.0,2.58,10.36,2.077,19.4,0.007274794632308341,0.010912191948462512,4.0,2.0,0.021824383896925023,0.0004593183158705164,4.5931831587051635
S,32.07,180.0,2.58,10.36,2.077,19.4,0.009012315787995152,0.013518473681992728,22.0,11.0,0.027036947363985455,0.0005851181905868992,5.851181905868992
Te,127.6,206.0,2.1,9.01,1.971,38.0,0.009249914298278466,0.013874871447417699,2.0,1.0,0.027749742894835398,0.0004016297699639786,4.016297699639786
Tl,204.383,196.0,1.62,6.108,0.2,66.0,0.016036368403658435,0.024054552605487653,4.0,2.0,0.048109105210975306,0.0008522431001638194,8.522431001638195
Ac,227.02775,260.0,1.1,5.17,,282.0,0.015467269695351362,0.020623026260468483,3.0,1.0,0.06186907878140545,0.0005497534255226988,5.497534255226988
Ag,107.868,172.0,1.93,7.576,1.302,55.0,0.011748702206599052,0.019581170344331753,6.0,4.0,0.02937175551649763,0.000728951577083893,7.289515770838929
Ag,107.868,172.0,1.93,7.576,1.302,55.0,0.014077170102024562,0.01876956013603275,3.0,1.0,0.05630868040809825,0.0008576334577067169,8.57633457706717
Ag,107.868,172.0,1.93,7.576,1.302,55.0,0.014062171593762277,0.01874956212501637,3.0,1.0,0.05624868637504911,0.0008616868333232555,8.616868333232555
Ag,107.868,172.0,1.93,7.576,1.302,55.0,0.01351600528784069,0.018021340383787585,6.0,2.0,0.05406402115136276,0.0008172516171396446,8.172516171396445
Al,26.981538,184.0,1.61,5.986,0.441,57.8,0.01456987339850881,0.024283122330848016,3.0,2.0,0.03642468349627202,0.0009091570601375479,9.091570601375478
Al,26.981538,184.0,1.61,5.986,0.441,57.8,0.0182875311182473,0.024383374824329732,3.0,1.0,0.0731501244729892,0.0010994216749187625,10.994216749187625
As,74.92159,185.0,2.18,9.815,0.81,30.0,0.0033715430803786125,0.011238476934595376,48.0,112.0,0.00481649011482659,0.00014609728937649478,1.4609728937649478
As,74.92159,185.0,2.18,9.815,0.81,30.0,0.01173736754524223,0.015649823393656306,18.0,6.0,0.04694947018096892,0.0007748913389755584,7.748913389755584
As,74.92159,185.0,2.18,9.815,0.81,30.0,0.011587267310999376,0.015449689747999167,6.0,2.0,0.0463490692439975,0.0007331805034213794,7.331805034213794
Au,196.96657,166.0,2.54,9.226,2.309,36.06,0.012245565251970961,0.016327420335961282,3.0,1.0,0.048982261007883846,0.0008167730673651279,8.16773067365128
Au,196.96657,166.0,2.54,9.226,2.309,36.06,0.013998298957246863,0.018664398609662482,3.0,1.0,0.05599319582898745,0.000897156054958744,8.97156054958744
Be,9.012183,153.0,1.57,9.323,,37.74,0.016525939106695826,0.022034585475594434,3.0,1.0,0.0661037564267833,0.0011316002475610279,11.31600247561028
Be,9.012183,153.0,1.57,9.323,,37.74,0.016261512172467563,0.02168201622995675,6.0,2.0,0.06504604868987025,0.001094167252663825,10.94167252663825
Bi,208.9804,207.0,2.02,7.289,0.946,53.0,0.013114259749988012,0.017485679666650683,3.0,1.0,0.05245703899995205,0.0007004742166216941,7.004742166216941
Bi,208.9804,207.0,2.02,7.289,0.946,53.0,0.010853074003687114,0.014470765338249486,6.0,2.0,0.043412296014748455,0.0005084358462874856,5.084358462874857
B,10.81,192.0,2.04,8.298,0.277,20.5,0.0010008373333783753,0.0013344497778378338,3.0,1.0,0.004003349333513501,8.840269705939855e-05,0.8840269705939855
Ca,40.08,231.0,1.0,6.113,,160.8,0.020655197499124374,0.027540263332165832,3.0,1.0,0.0826207899964975,0.0007728898867858424,7.728898867858423
Ca,40.08,231.0,1.0,6.113,,160.8,0.018622928001813324,0.024830570669084433,3.0,1.0,0.0744917120072533,0.0006999594172306051,6.999594172306051
Cd,112.41,158.0,1.69,8.994,,46.0,0.015417567652994436,0.02055675687065925,3.0,1.0,0.061670270611977746,0.000758762798904737,7.587627989047371
Cd,112.41,158.0,1.69,8.994,,46.0,0.015468942210151514,0.02062525628020202,3.0,1.0,0.061875768840606055,0.0008560629090444348,8.560629090444348
Cd,112.41,158.0,1.69,8.994,,46.0,0.01509938825519645,0.02013251767359527,3.0,1.0,0.0603975530207858,0.0008331205077996447,8.331205077996447
Ce,140.116,235.0,1.12,5.539,0.5,205.0,0.012910891392535002,0.017214521856713336,3.0,1.0,0.05164356557014001,0.0005009717637229524,5.0097176372295245
Co,58.93319,192.0,1.88,7.881,0.661,55.0,0.0021803966961082503,0.0029071955948110004,3.0,1.0,0.008721586784433001,0.00015485029164171078,1.5485029164171078
Co,58.93319,192.0,1.88,7.881,0.661,55.0,0.0018062524701053118,0.0024083366268070824,6.0,2.0,0.007225009880421247,0.0001344076858548293,1.344076858548293
Cr,51.996,189.0,1.66,6.767,0.666,83.0,0.0016928325907377378,0.0022571101209836503,3.0,1.0,0.006771330362950951,9.237969344452269e-05,0.9237969344452269
Cr,51.996,189.0,1.66,6.767,0.666,83.0,0.0014992341325515872,0.001998978843402116,3.0,1.0,0.005996936530206349,8.224613891340053e-05,0.8224613891340052
Cr,51.996,189.0,1.66,6.767,0.666,83.0,0.0015033062535905,0.0020044083381206665,6.0,2.0,0.006013225014362,8.236954985524746e-05,0.8236954985524746
Cu,63.55,140.0,1.9,7.726,1.228,46.5,0.017449007426023625,0.023265343234698168,3.0,1.0,0.0697960297040945,0.0011864677380007038,11.864677380007038
C,12.011,170.0,2.55,11.26,1.263,11.3,0.011156314153430252,0.014875085537907002,3.0,1.0,0.04462525661372101,0.0012127355117863042,12.127355117863042
Dy,162.5,229.0,1.22,5.939,,163.0,0.021671095832681,0.028894794443574665,6.0,2.0,0.086684383330724,0.0009252315285710755,9.252315285710754
Er,167.26,235.0,1.24,6.108,,150.0,0.018466138531709312,0.02462151804227908,6.0,2.0,0.07386455412683725,0.0008054392857020925,8.054392857020925
Eu,151.964,233.0,,5.67,,184.0,0.026647099976302602,0.03552946663507014,3.0,1.0,0.10658839990521041,0.0009189265066819189,9.189265066819189
Eu,151.964,233.0,,5.67,,184.0,0.019344518960395116,0.025792691947193486,6.0,2.0,0.07737807584158046,0.0006912759888389927,6.912759888389926
Fe,55.84,194.0,1.83,7.902,0.163,62.0,0.0025248728686606253,0.003366497158214167,6.0,2.0,0.010099491474642501,0.00016460806484591616,1.6460806484591617
Ga,69.723,187.0,1.81,5.999,0.3,50.0,0.00693648886628653,0.03930677024229034,3.0,14.0,0.008422879337633643,0.0003516837229634169,3.516837229634169
Ga,69.723,187.0,1.81,5.999,0.3,50.0,0.0036465791879533595,0.006077631979922266,3.0,2.0,0.009116447969883399,0.0002480680156003317,2.480680156003317
Ga,69.723,187.0,1.81,5.999,0.3,50.0,0.0108511996191861,0.036170665397287,6.0,14.0,0.015501713741694428,0.0006214064811348696,6.214064811348696
Ga,69.723,187.0,1.81,5.999,0.3,50.0,0.01730856052869555,0.0230780807049274,3.0,1.0,0.0692342421147822,0.0011120137675277673,11.120137675277673
Ga,69.723,187.0,1.81,5.999,0.3,50.0,0.01762814316777746,0.02350419089036995,3.0,1.0,0.07051257267110984,0.0011236238712273646,11.236238712273646
Gd,157.25,237.0,1.2,6.15,,158.0,0.019037768812911013,0.025383691750548016,6.0,2.0,0.07615107525164405,0.0008468277920693581,8.46827792069358
Ge,72.63,211.0,2.01,7.9,1.35,40.0,0.012173486547005414,0.01623131539600722,3.0,1.0,0.048693946188021656,0.0008322171903039826,8.322171903039827
Hg,200.59,209.0,2.0,10.438,,33.0,0.012426190638381157,0.01656825418450821,6.0,2.0,0.04970476255352463,0.0007118289918753508,7.118289918753508
Hg,200.59,209.0,2.0,10.438,,33.0,0.012993035441716799,0.017324047255622397,3.0,1.0,0.051972141766867194,0.0007620379732940314,7.6203797329403145
Hg,200.59,209.0,2.0,10.438,,33.0,0.013026191390203324,0.017368255186937766,3.0,1.0,0.052104765560813296,0.000767276118965544,7.67276118965544
Ho,164.93033,216.0,1.23,6.022,,156.0,0.018495497010934437,0.024660662681245917,6.0,2.0,0.07398198804373775,0.0008013787432899311,8.01378743289931
In,114.818,193.0,1.78,5.786,0.3,65.0,0.01469818115328804,0.024496968588813398,3.0,2.0,0.0367454528832201,0.0007797100965468508,7.797100965468508
In,114.818,193.0,1.78,5.786,0.3,65.0,0.01766364578860825,0.023551527718144335,3.0,1.0,0.070654583154433,0.0009888936817495128,9.888936817495127
In,114.818,193.0,1.78,5.786,0.3,65.0,0.017290920571953697,0.02305456076260493,3.0,1.0,0.06916368228781479,0.0009445892058545471,9.445892058545471
La,138.9055,240.0,1.1,5.577,0.5,215.0,0.0212672575988921,0.028356343465189466,3.0,1.0,0.0850690303955684,0.0008241409362038106,8.241409362038105
Lu,174.9667,221.0,1.27,5.426,,137.0,0.017314651570596813,0.023086202094129083,6.0,2.0,0.06925860628238725,0.0007764960559933123,7.764960559933123
Mg,24.305,173.0,1.31,7.646,,71.2,0.014881665460688896,0.039684441228503724,3.0,5.0,0.023810664737102232,0.0007051347387544247,7.051347387544246
Mg,24.305,173.0,1.31,7.646,,71.2,0.018217963866316127,0.0242906184884215,3.0,1.0,0.0728718554652645,0.0009144571324447159,9.14457132444716
Mg,24.305,173.0,1.31,7.646,,71.2,0.017328738757740623,0.023104985010320832,3.0,1.0,0.0693149550309625,0.0008514960526789025,8.514960526789025
Mg,24.305,173.0,1.31,7.646,,71.2,0.01792590129642992,0.023901201728573226,6.0,2.0,0.07170360518571968,0.0008906311707091351,8.906311707091351
Mg,24.305,173.0,1.31,7.646,,71.2,0.017316297928205514,0.02308839723760735,3.0,1.0,0.06926519171282206,0.000850961641210872,8.50961641210872
Mg,24.305,173.0,1.31,7.646,,71.2,0.018217074828466413,0.024289433104621883,3.0,1.0,0.07286829931386565,0.0009143043465511759,9.14304346551176
Mg,24.305,173.0,1.31,7.646,,71.2,0.017905914980066287,0.023874553306755048,3.0,1.0,0.07162365992026515,0.0008883221968332785,8.883221968332785
Mo,95.95,209.0,2.16,7.092,0.746,87.0,0.001369366761548075,0.0018258223487307667,3.0,1.0,0.0054774670461923,8.461667464740003e-05,0.8461667464740003
N,14.007,155.0,3.04,14.534,,7.4,0.00736638801780283,0.012277313363004716,3.0,2.0,0.018415970044507075,0.0006342833554632719,6.342833554632719
Nb,92.90637,207.0,1.6,6.759,0.893,98.0,0.01775033161539136,0.023667108820521813,3.0,1.0,0.07100132646156544,0.0011088697490473452,11.088697490473452
Nb,92.90637,207.0,1.6,6.759,0.893,98.0,0.019700427379554374,0.0262672365060725,6.0,2.0,0.0788017095182175,0.0012200397819893101,12.200397819893102
Nb,92.90637,207.0,1.6,6.759,0.893,98.0,0.017735980232183673,0.023647973642911563,3.0,1.0,0.0709439209287347,0.0010067226530968787,10.067226530968787
Nd,144.24,229.0,1.14,5.525,,208.0,0.024987800855193986,0.03331706780692532,3.0,1.0,0.09995120342077594,0.0010135392702070648,10.135392702070648
Ni,58.693,163.0,1.91,7.64,1.156,49.0,0.0021323079656081004,0.002843077287477467,3.0,1.0,0.008529231862432402,0.00015513006185594535,1.5513006185594536
Ni,58.693,163.0,1.91,7.64,1.156,49.0,0.0021773748582563117,0.002903166477675082,6.0,2.0,0.008709499433025247,0.00015239868919458556,1.5239868919458555
Np,237.048172,221.0,1.36,6.266,,160.0,0.015509652871362876,0.02067953716181717,6.0,2.0,0.062038611485451506,0.0006843660243347545,6.8436602433475455
N,14.007,155.0,3.04,14.534,,7.4,0.0075857535344837496,0.010114338045978333,3.0,1.0,0.030343014137934998,0.0006975825859194106,6.9758258591941065
N,14.007,155.0,3.04,14.534,,7.4,0.011910685516511251,0.015880914022015,6.0,2.0,0.047642742066045005,0.0014153461563252319,14.15346156325232
P,30.973762,180.0,2.19,10.487,0.746,25.0,0.0032119816249207,0.010706605416402332,12.0,28.0,0.004588545178458143,0.00016409767415395053,1.6409767415395053
Pb,207.0,202.0,2.33,7.417,0.36,57.0,0.011755253228278724,0.0156736709710383,3.0,1.0,0.0470210129131149,0.000644284618804435,6.442846188044349
Pd,106.42,202.0,2.2,8.337,0.557,26.14,0.0157096074538312,0.020946143271774933,3.0,1.0,0.0628384298153248,0.0010910822328285396,10.910822328285397
Pd,106.42,202.0,2.2,8.337,0.557,26.14,0.01748997621750155,0.023319968290002064,3.0,1.0,0.0699599048700062,0.0011767024962508579,11.767024962508579
Pm,144.91276,236.0,,5.55,,200.0,0.025436806740734,0.033915742320978666,3.0,1.0,0.101747226962936,0.0010521496636378917,10.521496636378917
Pm,144.91276,236.0,,5.55,,200.0,0.017192652809119125,0.0229235370788255,6.0,2.0,0.0687706112364765,0.0006956571544347887,6.956571544347886
Pr,140.90766,239.0,1.13,5.464,,216.0,0.0255566221638342,0.0340754962184456,3.0,1.0,0.1022264886553368,0.0010267846612828206,10.267846612828206
Pt,195.08,209.0,2.28,9.0,2.128,48.0,0.013194852167782774,0.017593136223710365,3.0,1.0,0.052779408671131095,0.0009701932413247934,9.701932413247935
Pt,195.08,209.0,2.28,9.0,2.128,48.0,0.014011932927714648,0.018682577236952862,3.0,1.0,0.05604773171085859,0.0009976002181987644,9.976002181987644
Pu,244.0642,243.0,1.28,6.06,,145.0,0.01702388970977861,0.02269851961303815,3.0,1.0,0.06809555883911445,0.0007170382928016527,7.170382928016528
Pu,244.0642,243.0,1.28,6.06,,145.0,0.017418841317845588,0.02322512175712745,3.0,1.0,0.06967536527138235,0.0007534947653602336,7.534947653602336
P,30.973762,180.0,2.19,10.487,0.746,25.0,0.011995885978621938,0.015994514638162583,6.0,2.0,0.04798354391448775,0.0008247810010583106,8.247810010583105
Re,186.207,217.0,1.9,7.88,0.15,62.0,0.0011665245281704375,0.0015553660375605832,6.0,2.0,0.00466609811268175,8.135267700988353e-05,0.8135267700988352
Rh,102.9055,195.0,2.28,7.459,1.137,66.0,0.00086890048942425,0.001158533985899,3.0,1.0,0.003475601957697,6.557445228100951e-05,0.6557445228100951
Rh,102.9055,195.0,2.28,7.459,1.137,66.0,0.0008938504019247503,0.0011918005358996671,6.0,2.0,0.003575401607699001,6.638948557382256e-05,0.6638948557382256
Sb,121.76,206.0,2.05,8.64,1.07,43.0,0.011616281118140162,0.015488374824186883,3.0,1.0,0.04646512447256065,0.0006629389521296275,6.629389521296275
Sb,121.76,206.0,2.05,8.64,1.07,43.0,0.011596458573771975,0.0154619447650293,6.0,2.0,0.0463858342950879,0.0005909850361902632,5.909850361902632
Sc,44.95591,211.0,1.36,6.561,0.188,97.0,0.018906354558452937,0.025208472744603916,6.0,2.0,0.07562541823381175,0.0009118142893039223,9.118142893039224
Sm,150.4,229.0,1.17,5.644,,192.0,0.017350697299099063,0.023134263065465416,6.0,2.0,0.06940278919639625,0.0007084438945281582,7.0844389452815815
Sm,150.4,229.0,1.17,5.644,,192.0,0.025455674104482774,0.03394089880597703,3.0,1.0,0.1018226964179311,0.001064111287172761,10.64111287172761
Sn,118.71,217.0,1.96,7.344,1.2,53.0,0.0008687498540594996,0.0011583331387459994,3.0,1.0,0.0034749994162379984,4.9606180930965454e-05,0.49606180930965454
Tb,158.92535,221.0,,5.864,,170.0,0.00387768691868,0.005170249224906667,6.0,2.0,0.01551074767472,0.00016405925865423367,1.6405925865423368
Tc,96.90636,209.0,1.9,7.28,0.55,79.0,0.0020276477589628505,0.0027035303452838007,3.0,1.0,0.008110591035851402,0.0001358123340336223,1.358123340336223
Tc,96.90636,209.0,1.9,7.28,0.55,79.0,0.0017260922421710751,0.002301456322894767,3.0,1.0,0.0069043689686843004,0.00011812873508081924,1.1812873508081925
Te,127.6,206.0,2.1,9.01,1.971,38.0,0.013586722332615677,0.018115629776820904,6.0,2.0,0.05434688933046271,0.0007087114981945729,7.08711498194573
Th,232.038,237.0,1.3,6.08,,240.0,0.015954078039960736,0.02127210405328098,3.0,1.0,0.06381631215984294,0.0006985605334488109,6.98560533448811
Tl,204.383,196.0,1.62,6.108,0.2,66.0,0.017791499834733278,0.02372199977964437,3.0,1.0,0.07116599933893311,0.0009830358365571878,9.830358365571879
Tm,168.93422,227.0,1.25,6.184,,144.0,0.018345222454228066,0.02446029660563742,6.0,2.0,0.07338088981691226,0.0008060453915328247,8.060453915328248
W,183.84,210.0,2.36,7.98,0.815,68.0,0.0010243872357269994,0.0013658496476359992,6.0,2.0,0.004097548942907998,7.11192655927002e-05,0.711192655927002
W,183.84,210.0,2.36,7.98,0.815,68.0,0.0012991164661379875,0.0017321552881839834,3.0,1.0,0.00519646586455195,8.113908903227736e-05,0.8113908903227736
Yb,173.05,242.0,,6.254,,139.0,0.023616784982147178,0.0314890466428629,3.0,1.0,0.09446713992858871,0.0010584427083372716,10.584427083372717
Yb,173.05,242.0,,6.254,,139.0,0.022557767083663874,0.0300770227782185,6.0,2.0,0.0902310683346555,0.0009986829771490686,9.986829771490685
Y,88.90584,219.0,1.22,6.217,0.307,162.0,0.02099839429080225,0.027997859054403,6.0,2.0,0.083993577163209,0.0009005830936223113,9.005830936223113
Zn,65.4,139.0,1.65,9.394,,38.67,0.016967860276092876,0.022623813701457166,6.0,2.0,0.0678714411043715,0.001047290326627956,10.47290326627956
Zn,65.4,139.0,1.65,9.394,,38.67,0.015169746945132886,0.020226329260177183,3.0,1.0,0.060678987780531546,0.0009507488920881042,9.507488920881041
Zn,65.4,139.0,1.65,9.394,,38.67,0.015143065068072687,0.020190753424096916,3.0,1.0,0.06057226027229075,0.0009480724170908256,9.480724170908257
Zr,91.22,186.0,1.33,6.634,0.426,112.0,0.0232742304299791,0.031032307239972134,3.0,1.0,0.0930969217199164,0.0012427594995679274,12.427594995679273
Mg,24.305,173.0,1.31,7.646,,71.2,0.016443794193198767,0.02055474274149846,4.0,1.0,0.08221897096599384,0.0007906529358427275,7.906529358427275
Pt,195.08,209.0,2.28,9.0,2.128,48.0,0.00988730156166715,0.012359126952083938,8.0,2.0,0.04943650780833575,0.00045157663628200465,4.515766362820046
B,10.81,192.0,2.04,8.298,0.277,20.5,0.00870229425813089,0.015664129664635602,5.0,4.0,0.0195801620807945,0.0007210204243248437,7.210204243248437
B,10.81,192.0,2.04,8.298,0.277,20.5,0.0013705230561809997,0.0024669415011257995,5.0,4.0,0.0030836768764072493,0.00014238758239319617,1.4238758239319618
Ga,69.723,187.0,1.81,5.999,0.3,50.0,0.003947385620363667,0.007105294116654601,5.0,4.0,0.008881617645818251,0.0002681698270099424,2.681698270099424
In,114.818,193.0,1.78,5.786,0.3,65.0,0.01379503811642411,0.0248310686095634,5.0,4.0,0.03103883576195425,0.0007196061499948797,7.196061499948797
Mg,24.305,173.0,1.31,7.646,,71.2,0.016845889115238533,0.02021506693828624,5.0,1.0,0.1010753346914312,0.0008122926130055696,8.122926130055696
Mg,24.305,173.0,1.31,7.646,,71.2,0.018123143843014625,0.02174777261161755,5.0,1.0,0.10873886305808775,0.0008932785824824295,8.932785824824295
Mg,24.305,173.0,1.31,7.646,,71.2,0.017738661551978264,0.021286393862373916,5.0,1.0,0.10643196931186959,0.0008687523943557109,8.687523943557109
Mg,24.305,173.0,1.31,7.646,,71.2,0.017734776118430762,0.021281731342116913,5.0,1.0,0.10640865671058457,0.0008686539165970917,8.686539165970917
Mg,24.305,173.0,1.31,7.646,,71.2,0.018406000074115494,0.02208720008893859,5.0,1.0,0.11043600044469296,0.0009156062230882484,9.156062230882483
Sn,118.71,217.0,1.96,7.344,1.2,53.0,0.0010165615830229,0.00142318621623206,5.0,2.0,0.00355796554058015,5.662377233850437e-05,0.5662377233850437
Tl,204.383,196.0,1.62,6.108,0.2,66.0,0.017028471939805646,0.023839860715727905,5.0,2.0,0.05959965178931976,0.0009269567864463354,9.269567864463355
Al,26.981538,184.0,1.61,5.986,0.441,57.8,0.0027722314225559885,0.005148429784746836,7.0,6.0,0.006006501415537976,4.922756457696319e-06,0.049227564576963194
C,12.011,170.0,2.55,11.26,1.263,11.3,0.0007237682117760588,0.013131223270794209,7.0,120.0,0.0007659880241296622,7.168716011369325e-05,0.7168716011369325
Ge,72.63,211.0,2.01,7.9,1.35,40.0,0.012770134151921167,0.01641874390961293,14.0,4.0,0.057465603683645256,0.000865686782431934,8.65686782431934
Pb,207.0,202.0,2.33,7.417,0.36,57.0,0.011404693354002833,0.014663177169432214,7.0,2.0,0.05132112009301275,0.0006273354656235593,6.273354656235592
Si,28.085,210.0,1.9,8.152,1.385,37.3,0.01083735978385018,0.013933748293521661,28.0,8.0,0.048768119027325814,0.0007358526136679376,7.358526136679376
Si,28.085,210.0,1.9,8.152,1.385,37.3,0.0005925353163902497,0.0008464790234146424,42.0,18.0,0.001975117721300832,4.060477859188621e-05,0.4060477859188621
Sn,118.71,217.0,1.96,7.344,1.2,53.0,0.012070798459750473,0.01551959801967918,14.0,4.0,0.054318593068877125,0.0006878653013691768,6.878653013691768
Sn,118.71,217.0,1.96,7.344,1.2,53.0,0.010851495031220276,0.015502135758886107,14.0,6.0,0.03617165010406758,0.0006019202666006945,6.019202666006945
Ag,107.868,172.0,1.93,7.576,1.302,55.0,0.011817815205904691,0.019203949709595124,16.0,10.0,0.0307263195353522,0.0007229731934856757,7.2297319348567575
Hf,178.49,212.0,1.3,6.825,,103.0,0.0008416552347941367,0.001157275947841938,16.0,6.0,0.0030860691942451676,3.106985355374382e-05,0.3106985355374382
Pb,207.0,202.0,2.33,7.417,0.36,57.0,0.012127603527127455,0.01667545484980025,8.0,3.0,0.04446787959946733,0.0006469790066177612,6.469790066177612
Ag,107.868,172.0,1.93,7.576,1.302,55.0,0.014354437868742633,0.020734188032628248,18.0,8.0,0.04665192307341356,0.0008287578109069478,8.287578109069477
Al,26.981538,184.0,1.61,5.986,0.441,57.8,0.01699765730823504,0.024552171667450613,9.0,4.0,0.05524238625176388,0.0010301357947302679,10.301357947302678
Ge,72.63,211.0,2.01,7.9,1.35,40.0,0.000920930568280596,0.001330233043071972,18.0,8.0,0.002993024346911937,5.8458874833805856e-05,0.5845887483380585
Ge,72.63,211.0,2.01,7.9,1.35,40.0,0.011721742583390019,0.016931405953785582,18.0,8.0,0.03809566339601756,0.0007649212395355642,7.649212395355643
Ac,227.02775,260.0,1.1,5.17,,282.0,0.013634764704525487,0.05453905881810195,1.0,3.0,0.01817968627270065,0.0003391809707329945,3.3918097073299447
Ag,107.868,172.0,1.93,7.576,1.302,55.0,0.009729184781942912,0.038916739127771646,1.0,3.0,0.012972246375923882,0.0005879491754914832,5.879491754914832
Ag,107.868,172.0,1.93,7.576,1.302,55.0,0.009650851655621144,0.03860340662248458,2.0,6.0,0.01286780220749486,0.000580674922591304,5.80674922591304
Ag,107.868,172.0,1.93,7.576,1.302,55.0,0.009709873038428237,0.03883949215371295,1.0,3.0,0.012946497384570982,0.0005864063285045476,5.864063285045476
Ag,107.868,172.0,1.93,7.576,1.302,55.0,0.011225419546443625,0.02245083909288725,2.0,2.0,0.02245083909288725,0.0006842744124417311,6.842744124417311
Ag,107.868,172.0,1.93,7.576,1.302,55.0,0.01154225672963605,0.0230845134592721,1.0,1.0,0.0230845134592721,0.0007580766311038328,7.580766311038328
Al,26.981538,184.0,1.61,5.986,0.441,57.8,0.010591060417818585,0.031773181253455754,4.0,8.0,0.015886590626727877,0.0005762537104363331,5.762537104363331
Al,26.981538,184.0,1.61,5.986,0.441,57.8,0.010545757825116499,0.042183031300465995,1.0,3.0,0.014061010433488666,0.0006611720608154974,6.611720608154974
Al,26.981538,184.0,1.61,5.986,0.441,57.8,0.010511435934700475,0.0420457437388019,1.0,3.0,0.014015247912933966,0.0006583349359713945,6.583349359713945
Al,26.981538,184.0,1.61,5.986,0.441,57.8,0.015026043729961823,0.030052087459923646,2.0,2.0,0.030052087459923646,0.000949326910386336,9.49326910386336
Al,26.981538,184.0,1.61,5.986,0.441,57.8,0.014156426614533226,0.028312853229066452,4.0,4.0,0.028312853229066452,0.00076134395947102,7.613439594710201
Al,26.981538,184.0,1.61,5.986,0.441,57.8,0.013504645385935585,0.02700929077187117,12.0,12.0,0.02700929077187117,0.0006990695637000439,6.990695637000439
As,74.92159,185.0,2.18,9.815,0.81,30.0,0.0025867140772807065,0.010346856309122826,2.0,6.0,0.003448952103040942,0.00013845363890533957,1.3845363890533957
As,74.92159,185.0,2.18,9.815,0.81,30.0,0.007389241839593813,0.014778483679187627,8.0,8.0,0.014778483679187627,0.00041138591494309303,4.1138591494309305
Au,196.96657,166.0,2.54,9.226,2.309,36.06,0.0063205285809097254,0.025282114323638902,1.0,3.0,0.008427371441212967,0.00038675792630063607,3.867579263006361
Au,196.96657,166.0,2.54,9.226,2.309,36.06,0.006373689466832607,0.02549475786733043,2.0,6.0,0.008498252622443477,0.00038932774432563414,3.8932774432563413
Au,196.96657,166.0,2.54,9.226,2.309,36.06,0.006208974261691162,0.024835897046764647,1.0,3.0,0.008278632348921549,0.00037777162753651055,3.7777162753651057
Au,196.96657,166.0,2.54,9.226,2.309,36.06,0.008695421511430275,0.01739084302286055,1.0,1.0,0.01739084302286055,0.0005929244970139309,5.929244970139309
Au,196.96657,166.0,2.54,9.226,2.309,36.06,0.009472878446506024,0.018945756893012047,1.0,1.0,0.018945756893012047,0.0005872213538954348,5.872213538954348
B,10.81,192.0,2.04,8.298,0.277,20.5,0.005296505289256209,0.06355806347107451,1.0,11.0,0.005778005770097683,0.0007626699077725905,7.626699077725905
B,10.81,192.0,2.04,8.298,0.277,20.5,0.00513171634671625,0.061580596160595,1.0,11.0,0.005598236014599545,0.0007449310361954628,7.449310361954628
B,10.81,192.0,2.04,8.298,0.277,20.5,0.005063405965246417,0.060760871582956996,1.0,11.0,0.005523715598450636,0.0007200758674240931,7.200758674240931
B,10.81,192.0,2.04,8.298,0.277,20.5,0.005296672570440958,0.0635600708452915,1.0,11.0,0.005778188258662864,0.0007422949795337274,7.422949795337273
B,10.81,192.0,2.04,8.298,0.277,20.5,0.005142976946248042,0.06171572335497651,1.0,11.0,0.0056105203049978646,0.0007057366613120665,7.057366613120665
B,10.81,192.0,2.04,8.298,0.277,20.5,0.001922022432315625,0.0076880897292625,2.0,6.0,0.002562696576420833,0.00020758010908064096,2.0758010908064097
B,10.81,192.0,2.04,8.298,0.277,20.5,0.0075858053140545004,0.030343221256218002,4.0,12.0,0.010114407085406,0.0008262437366623927,8.262437366623928
B,10.81,192.0,2.04,8.298,0.277,20.5,0.0025803874980380253,0.025803874980380254,2.0,18.0,0.0028670972200422504,0.00036060449981179687,3.6060449981179685
Be,9.012183,153.0,1.57,9.323,,37.74,0.0036991854186739503,0.007398370837347901,2.0,2.0,0.007398370837347901,0.00033178259558643437,3.3178259558643437
Be,9.012183,153.0,1.57,9.323,,37.74,0.016477627548418,0.032955255096836,1.0,1.0,0.032955255096836,0.0014834442452916097,14.834442452916097
Be,9.012183,153.0,1.57,9.323,,37.74,0.01062777362456355,0.0212555472491271,2.0,2.0,0.0212555472491271,0.0009295289578707818,9.295289578707818
Bi,208.9804,207.0,2.02,7.289,0.946,53.0,0.007770909813516099,0.015541819627032199,1.0,1.0,0.015541819627032199,0.0003262938553499366,3.262938553499366
Br,79.9,183.0,2.96,11.814,3.365,21.0,0.006728260554153546,0.013456521108307092,1.0,1.0,0.013456521108307092,0.00033335573857309366,3.3335573857309364
Br,79.9,183.0,2.96,11.814,3.365,21.0,0.004485602707869213,0.008971205415738426,2.0,2.0,0.008971205415738426,0.00018060798906463697,1.8060798906463698
B,10.81,192.0,2.04,8.298,0.277,20.5,0.0010879295338342499,0.0021758590676684997,2.0,2.0,0.0021758590676684997,0.0001549216626509982,1.549216626509982
B,10.81,192.0,2.04,8.298,0.277,20.5,0.0014141310225483004,0.0028282620450966007,2.0,2.0,0.0028282620450966007,0.00013123804570027879,1.312380457002788
B,10.81,192.0,2.04,8.298,0.277,20.5,0.005074766563289631,0.010149533126579261,4.0,4.0,0.010149533126579261,0.00013306362166118674,1.3306362166118675
B,10.81,192.0,2.04,8.298,0.277,20.5,0.010850142539158574,0.021700285078317148,2.0,2.0,0.021700285078317148,0.000799489490742815,7.99489490742815
B,10.81,192.0,2.04,8.298,0.277,20.5,0.010878998451046082,0.021757996902092163,4.0,4.0,0.021757996902092163,0.0008039433540166898,8.039433540166897
C,12.011,170.0,2.55,11.26,1.263,11.3,0.0007037704805741616,0.0091490162474641,1.0,12.0,0.0007624180206220084,8.210390310570991e-05,0.8210390310570991
C,12.011,170.0,2.55,11.26,1.263,11.3,0.0006792042620075959,0.008829655406098747,2.0,24.0,0.0007358046171748956,7.797928092966201e-05,0.7797928092966201
C,12.011,170.0,2.55,11.26,1.263,11.3,0.0006252917985277358,0.0043770425896941505,1.0,6.0,0.0007295070982823584,7.465867044649333e-05,0.7465867044649332
Ca,40.08,231.0,1.0,6.113,,160.8,0.016313801394534786,0.06525520557813914,2.0,6.0,0.021751735192713048,0.0004216180061808395,4.216180061808395
Ca,40.08,231.0,1.0,6.113,,160.8,0.017359199604987035,0.06943679841994814,1.0,3.0,0.023145599473316045,0.0004621031721479674,4.621031721479674
Ca,40.08,231.0,1.0,6.113,,160.8,0.00682510448265305,0.03412552241326525,2.0,8.0,0.008531380603316312,0.00016758901827728916,1.6758901827728916
Cd,112.41,158.0,1.69,8.994,,46.0,0.008458925608780287,0.03383570243512115,1.0,3.0,0.011278567478373717,0.00042005360289157004,4.2005360289157005
Cd,112.41,158.0,1.69,8.994,,46.0,0.008541696517641775,0.0341667860705671,2.0,6.0,0.011388928690189032,0.00043584704217987814,4.358470421798781
Cd,112.41,158.0,1.69,8.994,,46.0,0.00876737138176956,0.03506948552707824,1.0,3.0,0.01168982850902608,0.000447428475928702,4.47428475928702
Cd,112.41,158.0,1.69,8.994,,46.0,0.012928471613960098,0.025856943227920197,2.0,2.0,0.025856943227920197,0.0006987114042821553,6.987114042821553
Ce,140.116,235.0,1.12,5.539,0.5,205.0,0.005485629973580113,0.02194251989432045,1.0,3.0,0.007314173298106817,0.00020631798151561048,2.0631798151561047
Cl,35.45,175.0,3.16,12.968,3.617,14.6,0.004700399878097863,0.009400799756195725,2.0,2.0,0.009400799756195725,0.00022169080712211968,2.216908071221197
Cl,35.45,175.0,3.16,12.968,3.617,14.6,0.006963457131408575,0.01392691426281715,4.0,4.0,0.01392691426281715,0.0004238728156252423,4.2387281562524235
Cu,63.55,140.0,1.9,7.726,1.228,46.5,0.014197536644771075,0.0567901465790843,1.0,3.0,0.018930048859694768,0.0012248830158602404,12.248830158602404
Cu,63.55,140.0,1.9,7.726,1.228,46.5,0.014243750556491061,0.056975002225964244,2.0,6.0,0.01899166740865475,0.0012308993271740317,12.308993271740317
Cu,63.55,140.0,1.9,7.726,1.228,46.5,0.014222040402636114,0.056888161610544455,1.0,3.0,0.01896272053684815,0.0012286073466319652,12.286073466319651
Cu,63.55,140.0,1.9,7.726,1.228,46.5,0.013982063827059013,0.05592825530823605,1.0,3.0,0.018642751769412016,0.0012025771904089018,12.025771904089018
C,12.011,170.0,2.55,11.26,1.263,11.3,0.007605116397794513,0.015210232795589026,2.0,2.0,0.015210232795589026,0.0006617699769978117,6.617699769978118
Dy,162.5,229.0,1.22,5.939,,163.0,0.03016673263841156,0.12066693055364625,2.0,6.0,0.04022231018454875,0.001031030622200792,10.31030622200792
Dy,162.5,229.0,1.22,5.939,,163.0,0.03045710824069154,0.12182843296276616,1.0,3.0,0.040609477654255384,0.0010483538177665903,10.483538177665903
Er,167.26,235.0,1.24,6.108,,150.0,0.019762480118026435,0.07904992047210574,2.0,6.0,0.026349973490701912,0.0006946616112382851,6.946616112382851
Eu,151.964,233.0,,5.67,,184.0,0.03195038327003706,0.12780153308014824,2.0,6.0,0.04260051102671608,0.00082170824809464,8.2170824809464
Eu,151.964,233.0,,5.67,,184.0,0.026473654483916885,0.10589461793566754,1.0,3.0,0.03529820597855585,0.0006835114925078294,6.835114925078294
F,18.99840316,135.0,3.98,17.423,3.339,3.74,0.003376121452533575,0.0135044858101343,2.0,6.0,0.004501495270044766,0.0003433448517952512,3.433448517952512
Fe,55.84,194.0,1.83,7.902,0.163,62.0,0.003169781064535625,0.00633956212907125,2.0,2.0,0.00633956212907125,0.0002584538175080094,2.5845381750800938
F,18.99840316,135.0,3.98,17.423,3.339,3.74,0.00812876769215665,0.0162575353843133,1.0,1.0,0.0162575353843133,0.0009695551289110072,9.695551289110071
F,18.99840316,135.0,3.98,17.423,3.339,3.74,0.009462573692848801,0.018925147385697602,1.0,1.0,0.018925147385697602,0.001111795282659415,11.11795282659415
F,18.99840316,135.0,3.98,17.423,3.339,3.74,0.007113352203163776,0.014226704406327551,2.0,2.0,0.014226704406327551,0.0007294418075271795,7.294418075271795
Ga,69.723,187.0,1.81,5.999,0.3,50.0,0.011355287048001332,0.034065861144004,4.0,8.0,0.017032930572002,0.0005830048928358852,5.830048928358853
Ga,69.723,187.0,1.81,5.999,0.3,50.0,0.01170988051302729,0.04683952205210916,1.0,3.0,0.015613174017369719,0.0007267348179323822,7.267348179323823
Ga,69.723,187.0,1.81,5.999,0.3,50.0,0.011630238419575242,0.04652095367830097,2.0,6.0,0.015506984559433655,0.0007164146423558832,7.164146423558832
Ga,69.723,187.0,1.81,5.999,0.3,50.0,0.011778104016939312,0.04711241606775725,1.0,3.0,0.015704138689252415,0.0006980020520644509,6.980020520644509
Ga,69.723,187.0,1.81,5.999,0.3,50.0,0.004337517207421674,0.008675034414843349,2.0,2.0,0.008675034414843349,0.00029664211489303677,2.9664211489303676
Gd,157.25,237.0,1.2,6.15,,158.0,0.01546121239127035,0.0618448495650814,2.0,6.0,0.020614949855027133,0.0005156232375157938,5.156232375157938
Ge,72.63,211.0,2.01,7.9,1.35,40.0,0.0024390498594214372,0.009756199437685749,1.0,3.0,0.003252066479228583,0.0001346324530652314,1.346324530652314
Ge,72.63,211.0,2.01,7.9,1.35,40.0,0.0013341615897781254,0.0026683231795562507,6.0,6.0,0.0026683231795562507,8.560970212931544e-05,0.8560970212931543
Ge,72.63,211.0,2.01,7.9,1.35,40.0,0.0013657398914888748,0.0027314797829777497,8.0,8.0,0.0027314797829777497,8.033810159599887e-05,0.8033810159599887
Hf,178.49,212.0,1.3,6.825,,103.0,0.01416389189832885,0.0283277837966577,1.0,1.0,0.0283277837966577,0.0006836186489345509,6.8361864893455095
Hg,200.59,209.0,2.0,10.438,,33.0,0.004330781919554287,0.017323127678217146,2.0,6.0,0.0057743758927390485,0.00019939326586736815,1.9939326586736816
Hg,200.59,209.0,2.0,10.438,,33.0,0.005937375724387588,0.023749502897550352,1.0,3.0,0.007916500965850117,0.00026945185911675786,2.6945185911675784
Hg,200.59,209.0,2.0,10.438,,33.0,0.005153514054961988,0.02061405621984795,1.0,3.0,0.006871352073282651,0.00023472866999294163,2.347286699929416
Hg,200.59,209.0,2.0,10.438,,33.0,0.0052330838678356,0.0209323354713424,1.0,3.0,0.006977445157114133,0.0002412138000830266,2.412138000830266
Hg,200.59,209.0,2.0,10.438,,33.0,0.006840046432642399,0.013680092865284798,1.0,1.0,0.013680092865284798,0.0003802082010705476,3.8020820107054765
Ho,164.93033,216.0,1.23,6.022,,156.0,0.016820604441790496,0.06728241776716198,2.0,6.0,0.022427472589053993,0.000580051337063695,5.80051337063695
Ho,164.93033,216.0,1.23,6.022,,156.0,0.01811651035330813,0.07246604141323253,1.0,3.0,0.024155347137744174,0.000630868990586545,6.30868990586545
Ho,164.93033,216.0,1.23,6.022,,156.0,0.017937146810640226,0.0717485872425609,1.0,3.0,0.0239161957475203,0.0006200682623041154,6.200682623041153
H,1.008,120.0,2.2,13.598,0.754,4.50711,0.010541760368954226,0.02108352073790845,1.0,1.0,0.02108352073790845,0.00130082892863334,13.0082892863334
In,114.818,193.0,1.78,5.786,0.3,65.0,0.008713297291850145,0.026139891875550436,4.0,8.0,0.013069945937775218,0.0003618859829531078,3.618859829531078
In,114.818,193.0,1.78,5.786,0.3,65.0,0.0101119897892167,0.0404479591568668,1.0,3.0,0.013482653052288934,0.00044599591302683684,4.459959130268368
In,114.818,193.0,1.78,5.786,0.3,65.0,0.009862980508591713,0.03945192203436685,1.0,3.0,0.013150640678122284,0.00042873343026609905,4.287334302660991
In,114.818,193.0,1.78,5.786,0.3,65.0,0.014111201085974603,0.028222402171949205,2.0,2.0,0.028222402171949205,0.0007133263117279334,7.133263117279334
Ir,192.22,202.0,2.2,9.1,1.565,54.0,0.0047398403109343385,0.018959361243737354,1.0,3.0,0.006319787081245785,0.00034681142179704893,3.468114217970489
Ir,192.22,202.0,2.2,9.1,1.565,54.0,0.013023588366629526,0.026047176733259052,1.0,1.0,0.026047176733259052,0.000981118456501781,9.811184565017811
I,126.9045,198.0,2.66,10.451,3.059,32.9,0.004735737422616224,0.009471474845232449,1.0,1.0,0.009471474845232449,0.00017820246103257775,1.7820246103257775
I,126.9045,198.0,2.66,10.451,3.059,32.9,0.004840869089761949,0.009681738179523898,2.0,2.0,0.009681738179523898,0.00018088900307134257,1.8088900307134257
I,126.9045,198.0,2.66,10.451,3.059,32.9,0.0034036575752345254,0.006807315150469051,2.0,2.0,0.006807315150469051,0.00010441348266068059,1.044134826606806
La,138.9055,240.0,1.1,5.577,0.5,215.0,0.02083796558430681,0.08335186233722724,2.0,6.0,0.02778395411240908,0.0006489129674625879,6.489129674625879
La,138.9055,240.0,1.1,5.577,0.5,215.0,0.020798402116751623,0.08319360846700649,1.0,3.0,0.027731202822335498,0.0006212705717686763,6.212705717686763
Lu,174.9667,221.0,1.27,5.426,,137.0,0.0131723787164511,0.0526895148658044,2.0,6.0,0.0175631716219348,0.00048050500861941973,4.805050086194197
Mg,24.305,173.0,1.31,7.646,,71.2,0.010112954851429793,1.516943227714469,1.0,149.0,0.010180827031640732,0.0004518013190498735,4.518013190498735
Mg,24.305,173.0,1.31,7.646,,71.2,0.011133628913144157,0.1781380626103065,1.0,15.0,0.011875870840687102,0.0004998157523012759,4.998157523012758
Mg,24.305,173.0,1.31,7.646,,71.2,0.016237858305259183,0.04871357491577755,2.0,4.0,0.024356787457888773,0.0007602092235993833,7.602092235993833
Mg,24.305,173.0,1.31,7.646,,71.2,0.014538195475906684,0.04361458642772005,2.0,4.0,0.021807293213860025,0.0006665428220187521,6.665428220187521
Mg,24.305,173.0,1.31,7.646,,71.2,0.01657574579092627,0.0497272373727788,2.0,4.0,0.0248636186863894,0.0007787535128062901,7.787535128062902
Mg,24.305,173.0,1.31,7.646,,71.2,0.015194491209842067,0.0455834736295262,2.0,4.0,0.0227917368147631,0.0007012972857994424,7.012972857994424
Mg,24.305,173.0,1.31,7.646,,71.2,0.01613153483008081,0.048394604490242424,2.0,4.0,0.024197302245121212,0.000758555901234209,7.58555901234209
Mg,24.305,173.0,1.31,7.646,,71.2,0.015601807237235749,0.04680542171170725,2.0,4.0,0.023402710855853624,0.0007276838629126272,7.2768386291262726
Mg,24.305,173.0,1.31,7.646,,71.2,0.015399760696502241,0.04619928208950672,2.0,4.0,0.02309964104475336,0.000714109494004973,7.1410949400497294
Mg,24.305,173.0,1.31,7.646,,71.2,0.015932020926095133,0.0477960627782854,2.0,4.0,0.0238980313891427,0.0007415294005589962,7.4152940055899625
Mg,24.305,173.0,1.31,7.646,,71.2,0.01665918482361257,0.04997755447083771,2.0,4.0,0.024988777235418855,0.0007860455163062817,7.8604551630628166
Mg,24.305,173.0,1.31,7.646,,71.2,0.016020350992593083,0.048061052977779246,2.0,4.0,0.024030526488889623,0.0007446121100955698,7.446121100955698
Mg,24.305,173.0,1.31,7.646,,71.2,0.01603995522111049,0.04811986566333147,2.0,4.0,0.024059932831665735,0.0007495612464503403,7.495612464503403
Mg,24.305,173.0,1.31,7.646,,71.2,0.016153864645445326,0.04846159393633598,2.0,4.0,0.02423079696816799,0.0007537327199202068,7.537327199202068
Mg,24.305,173.0,1.31,7.646,,71.2,0.012655035909469042,0.037965107728407124,2.0,4.0,0.018982553864203562,0.0006137590555596427,6.137590555596427
Mg,24.305,173.0,1.31,7.646,,71.2,0.012825282030593901,0.0384758460917817,1.0,2.0,0.01923792304589085,0.0006242489771770174,6.242489771770174
Mg,24.305,173.0,1.31,7.646,,71.2,0.01652986300654284,0.049589589019628524,2.0,4.0,0.024794794509814262,0.0007754838408738023,7.754838408738023
Mg,24.305,173.0,1.31,7.646,,71.2,0.014398084790244516,0.04319425437073355,2.0,4.0,0.021597127185366775,0.0006955953205933378,6.955953205933378
Mg,24.305,173.0,1.31,7.646,,71.2,0.014865771941691551,0.059463087766766204,1.0,3.0,0.019821029255588735,0.0006866777537543174,6.866777537543174
Mg,24.305,173.0,1.31,7.646,,71.2,0.014511332720498125,0.0580453308819925,1.0,3.0,0.019348443627330833,0.0006619861592826732,6.619861592826733
Mg,24.305,173.0,1.31,7.646,,71.2,0.0148639864544855,0.059455945817942,1.0,3.0,0.019818648605980666,0.0006865049737942949,6.8650497379429485
Mg,24.305,173.0,1.31,7.646,,71.2,0.015270827171065045,0.06108330868426018,2.0,6.0,0.020361102894753392,0.0007082191302779347,7.082191302779346
Mg,24.305,173.0,1.31,7.646,,71.2,0.013034458751125282,0.05213783500450113,4.0,12.0,0.01737927833483371,0.0006166038575049041,6.166038575049041
Mg,24.305,173.0,1.31,7.646,,71.2,0.01418542938023459,0.05674171752093836,1.0,3.0,0.018913905840312786,0.0006539714490335998,6.5397144903359985
Mg,24.305,173.0,1.31,7.646,,71.2,0.015473620767766063,0.06189448307106425,1.0,3.0,0.020631494357021416,0.0007211413297078116,7.211413297078116
Mg,24.305,173.0,1.31,7.646,,71.2,0.013372238417793251,0.0802334305067595,1.0,5.0,0.0160466861013519,0.0006100572362147018,6.100572362147018
Mg,24.305,173.0,1.31,7.646,,71.2,0.012852929373573999,0.077117576241444,1.0,5.0,0.0154235152482888,0.0005850631792629655,5.850631792629655
Mg,24.305,173.0,1.31,7.646,,71.2,0.013220937009519715,0.0793256220571183,1.0,5.0,0.01586512441142366,0.0006033277529018207,6.033277529018207
Mg,24.305,173.0,1.31,7.646,,71.2,0.013225632548218449,0.07935379528931069,1.0,5.0,0.015870759057862137,0.0006036521553923999,6.036521553923999
Mg,24.305,173.0,1.31,7.646,,71.2,0.01267120569602748,0.10136964556821984,1.0,7.0,0.01448137793831712,0.0005761435916639147,5.7614359166391464
Mg,24.305,173.0,1.31,7.646,,71.2,0.0164204850938906,0.0328409701877812,2.0,2.0,0.0328409701877812,0.0007836791186763564,7.8367911867635645
Mg,24.305,173.0,1.31,7.646,,71.2,0.01796563473186639,0.03593126946373278,3.0,3.0,0.03593126946373278,0.0008515471869069624,8.515471869069623
Mg,24.305,173.0,1.31,7.646,,71.2,0.017256976814020653,0.034513953628041306,3.0,3.0,0.034513953628041306,0.0008084191713330409,8.084191713330409
Mg,24.305,173.0,1.31,7.646,,71.2,0.01589123835243965,0.0317824767048793,1.0,1.0,0.0317824767048793,0.0007557260703676881,7.557260703676881
Mg,24.305,173.0,1.31,7.646,,71.2,0.016363191871050852,0.032726383742101704,3.0,3.0,0.032726383742101704,0.0007584696646718817,7.584696646718816
Mg,24.305,173.0,1.31,7.646,,71.2,0.016657339849104266,0.03331467969820853,3.0,3.0,0.03331467969820853,0.0007991027796791085,7.9910277967910845
Mg,24.305,173.0,1.31,7.646,,71.2,0.017182997131463897,0.034365994262927795,3.0,3.0,0.034365994262927795,0.0008089495593527128,8.089495593527127
Mg,24.305,173.0,1.31,7.646,,71.2,0.016588233775555957,0.033176467551111914,3.0,3.0,0.033176467551111914,0.0007937417117135163,7.937417117135163
Mg,24.305,173.0,1.31,7.646,,71.2,0.0035080810988986503,0.0070161621977973005,1.0,1.0,0.0070161621977973005,0.00017305542889146605,1.7305542889146606
Mg,24.305,173.0,1.31,7.646,,71.2,0.014794002437433076,0.029588004874866153,2.0,2.0,0.029588004874866153,0.0007169500198333632,7.1695001983336315
Mg,24.305,173.0,1.31,7.646,,71.2,0.016591063253382887,0.033182126506765774,2.0,2.0,0.033182126506765774,0.0007700683261669712,7.700683261669712
Mg,24.305,173.0,1.31,7.646,,71.2,0.003463775553977101,0.006927551107954202,1.0,1.0,0.006927551107954202,0.00017389345868231424,1.7389345868231425
Mg,24.305,173.0,1.31,7.646,,71.2,0.015960377156763725,0.03192075431352745,1.0,1.0,0.03192075431352745,0.0007590419748201364,7.590419748201364
Mg,24.305,173.0,1.31,7.646,,71.2,0.015920230240642416,0.03184046048128483,3.0,3.0,0.03184046048128483,0.0007609441723918197,7.609441723918198
Mg,24.305,173.0,1.31,7.646,,71.2,0.003511203079494825,0.00702240615898965,2.0,2.0,0.00702240615898965,0.00017347142542831906,1.7347142542831906
Mg,24.305,173.0,1.31,7.646,,71.2,0.0151909213083102,0.0303818426166204,2.0,2.0,0.0303818426166204,0.0007553845268088662,7.553845268088661
Mg,24.305,173.0,1.31,7.646,,71.2,0.0143096981479118,0.0286193962958236,1.0,1.0,0.0286193962958236,0.0006894307789539606,6.894307789539606
Mg,24.305,173.0,1.31,7.646,,71.2,0.015264550439035308,0.030529100878070616,3.0,3.0,0.030529100878070616,0.000748227249933052,7.48227249933052
Mg,24.305,173.0,1.31,7.646,,71.2,0.015721097080161808,0.031442194160323615,3.0,3.0,0.031442194160323615,0.0007834371718603886,7.834371718603886
Mg,24.305,173.0,1.31,7.646,,71.2,0.01507475496017544,0.03014950992035088,3.0,3.0,0.03014950992035088,0.0007451371512682841,7.451371512682841
Mg,24.305,173.0,1.31,7.646,,71.2,0.015857748167378147,0.031715496334756295,3.0,3.0,0.031715496334756295,0.0007785867009219204,7.785867009219204
Mn,54.93804,197.0,1.55,7.434,,68.0,0.0031490046097577247,0.0062980092195154495,1.0,1.0,0.0062980092195154495,0.00024046000807783225,2.4046000807783225
N,14.007,155.0,3.04,14.534,,7.4,0.0027373421707566504,0.010949368683026602,1.0,3.0,0.003649789561008867,0.0002601559716219569,2.601559716219569
Ni,58.693,163.0,1.91,7.64,1.156,49.0,0.0031269613039282508,0.012507845215713003,1.0,3.0,0.004169281738571001,0.00029807541346762713,2.980754134676271
Np,237.048172,221.0,1.36,6.266,,160.0,0.011814926890844875,0.0472597075633795,1.0,3.0,0.015753235854459834,0.0007439887954767205,7.439887954767205
N,14.007,155.0,3.04,14.534,,7.4,0.0057249036794436246,0.011449807358887249,1.0,1.0,0.011449807358887249,0.00044794871011115297,4.47948710111153
N,14.007,155.0,3.04,14.534,,7.4,0.005630178644384969,0.011260357288769937,4.0,4.0,0.011260357288769937,0.0004376591627648582,4.376591627648582
O,15.999,152.0,3.44,13.618,1.461,5.3,0.0009600302900610418,0.0028800908701831253,2.0,4.0,0.0014400454350915626,9.96855808975231e-05,0.996855808975231
O,15.999,152.0,3.44,13.618,1.461,5.3,0.001075606130583733,0.0032268183917511994,1.0,2.0,0.0016134091958755997,0.00011167446961003927,1.1167446961003926
O,15.999,152.0,3.44,13.618,1.461,5.3,0.0010494729074944,0.0031484187224832,2.0,4.0,0.0015742093612416,0.0001145141014129952,1.145141014129952
O,15.999,152.0,3.44,13.618,1.461,5.3,0.0008869820085797668,0.0026609460257393004,1.0,2.0,0.0013304730128696502,0.00010700026742047912,1.0700026742047912
O,15.999,152.0,3.44,13.618,1.461,5.3,0.0033318432712172875,0.01332737308486915,1.0,3.0,0.004442457694956384,0.0003111863234871721,3.111863234871721
O,15.999,152.0,3.44,13.618,1.461,5.3,0.0008161283721689167,0.00734515534952025,1.0,8.0,0.0009181444186900313,6.509824881106632e-05,0.6509824881106632
O,15.999,152.0,3.44,13.618,1.461,5.3,0.0009650896489951055,0.00868580684095595,1.0,8.0,0.0010857258551194937,8.462005541559824e-05,0.8462005541559824
O,15.999,152.0,3.44,13.618,1.461,5.3,0.0008670995731989998,0.007803896158790999,1.0,8.0,0.0009754870198488749,7.771720492438339e-05,0.7771720492438339
O,15.999,152.0,3.44,13.618,1.461,5.3,0.0007533398201792944,0.00678005838161365,1.0,8.0,0.0008475072977017062,6.045040750938397e-05,0.6045040750938397
O,15.999,152.0,3.44,13.618,1.461,5.3,0.0008155392294303722,0.007339853064873349,1.0,8.0,0.0009174816331091687,5.9505789211167345e-05,0.5950578921116735
O,15.999,152.0,3.44,13.618,1.461,5.3,0.0007772652430849,0.006995387187764101,1.0,8.0,0.0008744233984705126,5.9398093277823795e-05,0.5939809327782379
O,15.999,152.0,3.44,13.618,1.461,5.3,0.0008421584606797389,0.00757942614611765,1.0,8.0,0.0009474282682647063,6.013623019092165e-05,0.6013623019092165
O,15.999,152.0,3.44,13.618,1.461,5.3,0.0007706108932475111,0.0069354980392276,1.0,8.0,0.00086693725490345,6.561269628370808e-05,0.6561269628370808
P,30.973762,180.0,2.19,10.487,0.746,25.0,0.003202052936301344,0.012808211745205376,2.0,6.0,0.004269403915068459,0.00020522773090893596,2.0522773090893596
P,30.973762,180.0,2.19,10.487,0.746,25.0,0.0015668886290036458,0.009401331774021875,4.0,20.0,0.001880266354804375,8.174713333276115e-05,0.8174713333276115
P,30.973762,180.0,2.19,10.487,0.746,25.0,0.0017561147159470417,0.01053668829568225,4.0,20.0,0.00210733765913645,8.951801763490704e-05,0.8951801763490703
P,30.973762,180.0,2.19,10.487,0.746,25.0,0.0015087894660265862,0.01207031572821269,8.0,56.0,0.0017243308183160985,7.113957826984059e-05,0.711395782698406
Pa,231.03588,243.0,1.5,5.89,,200.0,0.017147676384894922,0.034295352769789844,1.0,1.0,0.034295352769789844,0.0007560259961348719,7.560259961348718
Pb,207.0,202.0,2.33,7.417,0.36,57.0,0.004986587856097074,0.019946351424388296,1.0,3.0,0.006648783808129432,0.00017848009693026689,1.784800969302669
Pb,207.0,202.0,2.33,7.417,0.36,57.0,0.0015416515330807252,0.006166606132322901,1.0,3.0,0.0020555353774409668,4.437497674901116e-05,0.4437497674901116
Pb,207.0,202.0,2.33,7.417,0.36,57.0,0.007698734912711974,0.015397469825423948,1.0,1.0,0.015397469825423948,0.00035116077884969393,3.5116077884969394
Pd,106.42,202.0,2.2,8.337,0.557,26.14,0.011758503101895414,0.047034012407581656,1.0,3.0,0.01567800413586055,0.0008241965929235464,8.241965929235464
Pd,106.42,202.0,2.2,8.337,0.557,26.14,0.015331266703699623,0.12265013362959698,1.0,7.0,0.017521447661371,0.001045258396966985,10.452583969669849
Pd,106.42,202.0,2.2,8.337,0.557,26.14,0.012884955544424075,0.02576991108884815,1.0,1.0,0.02576991108884815,0.0009939840135749555,9.939840135749554
Pd,106.42,202.0,2.2,8.337,0.557,26.14,0.01396158625127065,0.0279231725025413,1.0,1.0,0.0279231725025413,0.0010187849660116474,10.187849660116473
Pm,144.91276,236.0,,5.55,,200.0,0.0314518876161807,0.1258075504647228,1.0,3.0,0.041935850154907604,0.001007099575260378,10.07099575260378
Pr,140.90766,239.0,1.13,5.464,,216.0,0.03331936227213405,0.1332774490885362,1.0,3.0,0.0444258163628454,0.0010229232327241856,10.229232327241856
Pt,195.08,209.0,2.28,9.0,2.128,48.0,0.010832018346831724,0.03249605504049517,2.0,4.0,0.016248027520247586,0.0006474764351677253,6.474764351677253
Pt,195.08,209.0,2.28,9.0,2.128,48.0,0.007520572069380276,0.030082288277521105,1.0,3.0,0.010027429425840369,0.0005258003464567452,5.2580034645674525
Pt,195.08,209.0,2.28,9.0,2.128,48.0,0.007343680235240652,0.05874944188192521,1.0,7.0,0.008392777411703602,0.0004951573811869568,4.951573811869568
Pt,195.08,209.0,2.28,9.0,2.128,48.0,0.009840965766717974,0.019681931533435948,1.0,1.0,0.019681931533435948,0.0007225438173987981,7.225438173987982
Pu,244.0642,243.0,1.28,6.06,,145.0,0.014716199064086001,0.058864796256344006,1.0,3.0,0.01962159875211467,0.000804650414460011,8.04650414460011
P,30.973762,180.0,2.19,10.487,0.746,25.0,0.008016642497761094,0.016033284995522187,8.0,8.0,0.016033284995522187,0.0005161056106455216,5.161056106455216
Re,186.207,217.0,1.9,7.88,0.15,62.0,0.004188087646988274,0.016752350587953095,1.0,3.0,0.005584116862651031,0.0002943853074279891,2.943853074279891
Rh,102.9055,195.0,2.28,7.459,1.137,66.0,0.0180199255459288,0.0720797021837152,1.0,3.0,0.024026567394571735,0.0013584931979113968,13.584931979113968
Rh,102.9055,195.0,2.28,7.459,1.137,66.0,0.016739053767911162,0.06695621507164465,1.0,3.0,0.022318738357214884,0.0012223018964640812,12.223018964640811
Rh,102.9055,195.0,2.28,7.459,1.137,66.0,0.016699025016996823,0.03339805003399365,1.0,1.0,0.03339805003399365,0.001267062462503549,12.670624625035488
S,32.07,180.0,2.58,10.36,2.077,19.4,0.00042850119929890504,0.002142505996494525,2.0,8.0,0.0005356264991236313,2.2409637422528688e-06,0.02240963742252869
S,32.07,180.0,2.58,10.36,2.077,19.4,0.00042850119929890504,0.002142505996494525,2.0,8.0,0.0005356264991236313,2.2409637422528688e-06,0.02240963742252869
S,32.07,180.0,2.58,10.36,2.077,19.4,0.000437992907443885,0.002189964537219425,2.0,8.0,0.0005474911343048563,2.0708116284339167e-06,0.02070811628433917
Sb,121.76,206.0,2.05,8.64,1.07,43.0,0.005112642711190537,0.020450570844762147,1.0,3.0,0.006816856948254049,0.0001993809526538335,1.993809526538335
Si,28.085,210.0,1.9,8.152,1.385,37.3,0.0018753870050727006,0.007501548020290802,1.0,3.0,0.002500516006763601,0.00013258377377898796,1.3258377377898796
Si,28.085,210.0,1.9,8.152,1.385,37.3,0.0018855886678763065,0.007542354671505226,2.0,6.0,0.002514118223835075,0.00012893589422477162,1.2893589422477163
Si,28.085,210.0,1.9,8.152,1.385,37.3,0.001197946015120837,0.002395892030241674,2.0,2.0,0.002395892030241674,7.960358833162019e-05,0.7960358833162019
Si,28.085,210.0,1.9,8.152,1.385,37.3,0.000570098429859,0.001140196859718,8.0,8.0,0.001140196859718,2.333792196264019e-05,0.2333792196264019
Si,28.085,210.0,1.9,8.152,1.385,37.3,0.007509397114777687,0.015018794229555373,8.0,8.0,0.015018794229555373,0.00048464015335238504,4.84640153352385
Sm,150.4,229.0,1.17,5.644,,192.0,0.03176501598074461,0.12706006392297844,1.0,3.0,0.04235335464099282,0.0010412004753981576,10.412004753981575
Sn,118.71,217.0,1.96,7.344,1.2,53.0,0.0024927406081248498,0.009970962432499399,1.0,3.0,0.003323654144166466,0.0001015008710190269,1.015008710190269
Sn,118.71,217.0,1.96,7.344,1.2,53.0,0.0016404817564149288,0.0032809635128298576,6.0,6.0,0.0032809635128298576,7.822292169493555e-05,0.7822292169493555
Sn,118.71,217.0,1.96,7.344,1.2,53.0,0.001558669472609042,0.003117338945218084,3.0,3.0,0.003117338945218084,7.609199702325763e-05,0.7609199702325763
S,32.07,180.0,2.58,10.36,2.077,19.4,0.005702335187590274,0.011404670375180549,1.0,1.0,0.011404670375180549,0.00034034015306486516,3.4034015306486514
S,32.07,180.0,2.58,10.36,2.077,19.4,0.005581935254870469,0.011163870509740938,4.0,4.0,0.011163870509740938,0.00027991547299096117,2.7991547299096116
S,32.07,180.0,2.58,10.36,2.077,19.4,0.0076709509839932005,0.015341901967986401,1.0,1.0,0.015341901967986401,0.00048414271816403916,4.841427181640392
Tb,158.92535,221.0,,5.864,,170.0,0.02868064331467856,0.11472257325871424,1.0,3.0,0.03824085775290475,0.0009794003282646985,9.794003282646985
Tb,158.92535,221.0,,5.864,,170.0,0.03266632559061604,0.13066530236246415,1.0,3.0,0.04355510078748805,0.0011252852140610143,11.252852140610143
Tb,158.92535,221.0,,5.864,,170.0,0.02121268330163406,0.08485073320653624,2.0,6.0,0.028283577735512083,0.0007156256769833986,7.156256769833986
Te,127.6,206.0,2.1,9.01,1.971,38.0,0.003032952140442644,0.012131808561770575,2.0,6.0,0.004043936187256858,9.514474491027219e-05,0.9514474491027218
Te,127.6,206.0,2.1,9.01,1.971,38.0,0.0036663835754089263,0.014665534301635705,12.0,36.0,0.004888511433878568,0.00012259184351379274,1.2259184351379275
Te,127.6,206.0,2.1,9.01,1.971,38.0,0.0036729358522451876,0.01469174340898075,12.0,36.0,0.0048972478029935835,0.0001231408867652524,1.2314088676525239
Tl,204.383,196.0,1.62,6.108,0.2,66.0,0.010554878878467424,0.042219515513869696,1.0,3.0,0.014073171837956566,0.00040399601885470144,4.039960188547014
Tl,204.383,196.0,1.62,6.108,0.2,66.0,0.010645902484311525,0.0425836099372461,1.0,3.0,0.0141945366457487,0.0004107203713429684,4.107203713429684
Tl,204.383,196.0,1.62,6.108,0.2,66.0,0.012096499724428757,0.024192999448857513,4.0,4.0,0.024192999448857513,0.0004795830145461778,4.795830145461778
Tl,204.383,196.0,1.62,6.108,0.2,66.0,0.012824262051226396,0.02564852410245279,12.0,12.0,0.02564852410245279,0.0005574726527238479,5.574726527238479
Tl,204.383,196.0,1.62,6.108,0.2,66.0,0.013250020619529563,0.026500041239059125,12.0,12.0,0.026500041239059125,0.0005867111777670467,5.867111777670467
Tl,204.383,196.0,1.62,6.108,0.2,66.0,0.0161931413407314,0.0323862826814628,1.0,1.0,0.0323862826814628,0.0007957351185954725,7.9573511859547255
Tm,168.93422,227.0,1.25,6.184,,144.0,0.018221397312764002,0.07288558925105601,2.0,6.0,0.02429519641701867,0.0006476965891534458,6.476965891534458
U,238.0289,240.0,1.38,6.194,,180.0,0.015674694680557676,0.03134938936111535,1.0,1.0,0.03134938936111535,0.0007945278317577765,7.945278317577765
W,183.84,210.0,2.36,7.98,0.815,68.0,0.003471146760664812,0.013884587042659248,1.0,3.0,0.004628195680886416,0.00022801269560931102,2.28012695609311
Y,88.90584,219.0,1.22,6.217,0.307,162.0,0.025358602394409815,0.10143440957763926,1.0,3.0,0.033811469859213086,0.0008518587526966267,8.518587526966268
Y,88.90584,219.0,1.22,6.217,0.307,162.0,0.024293211526290336,0.09717284610516135,1.0,3.0,0.03239094870172045,0.0008191634188120186,8.191634188120187
Y,88.90584,219.0,1.22,6.217,0.307,162.0,0.024662017011735773,0.0986480680469431,1.0,3.0,0.03288268934898103,0.0008262448520084552,8.262448520084552
Yb,173.05,242.0,,6.254,,139.0,0.02642850201851875,0.105714008074075,1.0,3.0,0.03523800269135833,0.0009448063087981601,9.4480630879816
Yb,173.05,242.0,,6.254,,139.0,0.026616384568262378,0.10646553827304951,2.0,6.0,0.03548851275768317,0.0009537190373710187,9.537190373710187
Yb,173.05,242.0,,6.254,,139.0,0.02248400575470657,0.08993602301882628,1.0,3.0,0.029978674339608758,0.0008353288026135472,8.353288026135472
Zn,65.4,139.0,1.65,9.394,,38.67,0.003970923824848036,0.055592933547872495,2.0,26.0,0.0042763795036825,0.00025530622487827134,2.5530622487827133
Zn,65.4,139.0,1.65,9.394,,38.67,0.012116406877474542,0.03634922063242363,4.0,8.0,0.018174610316211814,0.0006798878954521413,6.798878954521412
Zn,65.4,139.0,1.65,9.394,,38.67,0.008815918172674686,0.035263672690698744,1.0,3.0,0.011754557563566248,0.0005891728726469215,5.891728726469215
Zn,65.4,139.0,1.65,9.394,,38.67,0.012694540626966113,0.050778162507864454,1.0,3.0,0.016926054169288152,0.0009299650086731832,9.299650086731832
Zn,65.4,139.0,1.65,9.394,,38.67,0.011847708444335317,0.04739083377734127,2.0,6.0,0.015796944592447088,0.0008599909931041723,8.599909931041722
Zn,65.4,139.0,1.65,9.394,,38.67,0.01251044979803424,0.02502089959606848,2.0,2.0,0.02502089959606848,0.0008978246880254882,8.978246880254883
Na,22.9897693,227.0,0.93,5.139,0.548,162.7,0.018374774730027875,0.024499699640037165,3.0,3.0,0.024499699640037165,0.0007371006889577973,7.371006889577973
Na,22.9897693,227.0,0.93,5.139,0.548,162.7,0.01842275304731594,0.024563670729754586,6.0,6.0,0.024563670729754586,0.0007364836176146503,7.364836176146503
Rb,85.468,303.0,0.82,4.177,0.468,319.8,0.0017977718923452503,0.007191087569381001,1.0,1.0,0.007191087569381001,2.5638901606606523e-05,0.25638901606606523
Rb,85.468,303.0,0.82,4.177,0.468,319.8,0.002053649513167125,0.0082145980526685,1.0,1.0,0.0082145980526685,3.0075181465459446e-05,0.30075181465459444
Rb,85.468,303.0,0.82,4.177,0.468,319.8,0.0018549936324729248,0.007419974529891699,1.0,1.0,0.007419974529891699,2.663491922444382e-05,0.2663491922444382
Sr,87.62,249.0,0.95,5.695,,197.2,0.016745278719015023,0.04186319679753756,8.0,8.0,0.04186319679753756,0.0003970176506869426,3.970176506869426
Sr,87.62,249.0,0.95,5.695,,197.2,0.018141578663381057,0.07256631465352423,2.0,2.0,0.07256631465352423,0.0003859448050543684,3.859448050543684
Sr,87.62,249.0,0.95,5.695,,197.2,0.01773272250361344,0.07093089001445375,1.0,1.0,0.07093089001445375,0.00037109108737420015,3.7109108737420016
Sr,87.62,249.0,0.95,5.695,,197.2,0.019335571344043914,0.0243796334337945,23.0,23.0,0.0243796334337945,0.000685507401213765,6.85507401213765
