Symbol,Structure,Total Sites,Li Sites,Counter Ion Sites,Diff Energy,Diff per Total Sites,Diff per Li Sites,Diff per Counter Ion Sites,Composition
Li,Ba38 Li88,126,88.0,88.0,2.37083167829184,0.018816124430887617,0.026941269071498183,0.026941269071498183,Ba38 Li88
Li,Ba3 Li1,4,1.0,1.0,0.061174759847893945,0.015293689961973486,0.061174759847893945,0.061174759847893945,Ba3 Li1
Li,Ba6 Li24,30,24.0,24.0,0.55030197541268,0.018343399180422666,0.022929248975528334,0.022929248975528334,Ba6 Li24
Li,K3 Li1,4,1.0,1.0,0.0079651352977722,0.00199128382444305,0.0079651352977722,0.0079651352977722,K3 Li1
Li,K3 Li1,4,1.0,1.0,0.007702864906084251,0.0019257162265210628,0.007702864906084251,0.007702864906084251,K3 Li1
Li,K3 Li1,4,1.0,1.0,0.0084663405106955,0.002116585127673875,0.0084663405106955,0.0084663405106955,K3 Li1
Li,K1 Li3,4,3.0,3.0,0.047280884932366804,0.011820221233091701,0.0157602949774556,0.0157602949774556,K1 Li3
Li,K1 Li3,4,3.0,3.0,0.049423402529669494,0.012355850632417373,0.01647446750988983,0.01647446750988983,K1 Li3
Pb,Li40 Pb12,52,40.0,12.0,0.616920569004248,0.011863857096235537,0.0154230142251062,0.05141004741702066,Li40 Pb12
Ge,Li22 Ge12,34,22.0,12.0,0.3451396445013645,0.010151166014746013,0.01568816565915293,0.028761637041780374,Li22 Ge12
Ge,Li96 Ge56,152,96.0,56.0,0.15721094210879,0.0010342825138736184,0.0016376139802998957,0.0028073382519426785,Li96 Ge56
Si,Li96 Si56,152,96.0,56.0,0.12721682349242003,0.0008369527861343423,0.0013251752447127087,0.002271728990936072,Li96 Si56
In,Li26 In6,32,26.0,6.0,0.570420671689548,0.017825645990298376,0.021939256603444153,0.095070111948258,Li26 In6
Si,Li26 Si8,34,26.0,8.0,0.40918808438213505,0.012034943658298089,0.015738003245466734,0.05114851054776688,Li26 Si8
Sn,Li13 Sn5,18,13.0,5.0,0.0171906398200245,0.0009550355455569167,0.0013223569092326538,0.0034381279640049002,Li13 Sn5
Au,Li30 Au8,38,30.0,8.0,0.5415180971318335,0.014250476240311408,0.018050603237727784,0.06768976214147919,Li30 Au8
Ge,Li30 Ge8,38,30.0,8.0,0.528345999431525,0.01390384209030329,0.017611533314384167,0.06604324992894063,Li30 Ge8
Pd,Li30 Pd8,38,30.0,8.0,0.636715639296986,0.01675567471834174,0.021223854643232867,0.07958945491212326,Li30 Pd8
Si,Li30 Si8,38,30.0,8.0,0.5262122054070725,0.013847689615975592,0.017540406846902414,0.06577652567588406,Li30 Si8
Pb,Li85 Pb20,105,85.0,20.0,1.41644822839397,0.01348998312756162,0.016664096804634942,0.0708224114196985,Li85 Pb20
Sn,Li85 Sn20,105,85.0,20.0,1.339775989947825,0.012759771332836428,0.015762070469974413,0.06698879949739125,Li85 Sn20
Si,Li84 Si20,104,84.0,20.0,1.366596611946485,0.013140352037946971,0.016269007285077203,0.06832983059732425,Li84 Si20
Ge,Li88 Ge20,108,88.0,20.0,1.4570076339587101,0.013490811425543613,0.016556904931348978,0.0728503816979355,Li88 Ge20
Pb,Li88 Pb20,108,88.0,20.0,1.51232437372927,0.014003003460456203,0.017185504246923524,0.0756162186864635,Li88 Pb20
Si,Li88 Si20,108,88.0,20.0,1.459966972458125,0.013518212707945601,0.01659053377793324,0.07299834862290625,Li88 Si20
Sn,Li88 Sn20,108,88.0,20.0,1.3295543646865549,0.012310688561912544,0.015108572325983578,0.06647771823432774,Li88 Sn20
As,Li27 As10,37,27.0,10.0,0.43430471634701495,0.01173796530667608,0.016085359864704257,0.0434304716347015,Li27 As10
Sb,Li27 Sb10,37,27.0,10.0,0.4539998366010235,0.012270265854081716,0.01681480876300087,0.04539998366010235,Li27 Sb10
Al,Li4 Al2,6,4.0,2.0,0.1005387439052885,0.016756457317548084,0.025134685976322124,0.05026937195264425,Li4 Al2
Al,Li8 Al4,12,8.0,4.0,0.18457512495513,0.0153812604129275,0.02307189061939125,0.0461437812387825,Li8 Al4
B,Li2 B1,3,2.0,1.0,0.0037030938095280012,0.0012343646031760004,0.0018515469047640006,0.0037030938095280012,Li2 B1
Ca,Li4 Ca2,6,4.0,2.0,0.11420139779892322,0.019033566299820535,0.028550349449730804,0.05710069889946161,Li4 Ca2
Ca,Li8 Ca4,12,8.0,4.0,0.231568984696329,0.01929741539136075,0.028946123087041125,0.05789224617408225,Li8 Ca4
Cd,Li8 Cd4,12,8.0,4.0,0.155421593369251,0.012951799447437582,0.019427699171156373,0.03885539834231275,Li8 Cd4
C,Li2 C1,3,2.0,1.0,0.0312910827194699,0.010430360906489966,0.01564554135973495,0.0312910827194699,Li2 C1
Ga,Li4 Ga14,18,4.0,14.0,0.151456328825927,0.008414240490329277,0.03786408220648175,0.010818309201851927,Li4 Ga14
Ga,Li4 Ga2,6,4.0,2.0,0.020286751384791503,0.003381125230798584,0.005071687846197876,0.010143375692395751,Li4 Ga2
In,Li4 In2,6,4.0,2.0,0.0953315143855074,0.0158885857309179,0.02383287859637685,0.0476657571927537,Li4 In2
Mg,Li4 Mg2,6,4.0,2.0,0.0958355142507778,0.015972585708462966,0.02395887856269445,0.0479177571253889,Li4 Mg2
Mg,Li4 Mg2,6,4.0,2.0,0.1092631944118766,0.018210532401979434,0.02731579860296915,0.0546315972059383,Li4 Mg2
Mg,Li4 Mg2,6,4.0,2.0,0.09815087830151599,0.01635847971691933,0.024537719575378997,0.049075439150757995,Li4 Mg2
Mg,Li4 Mg2,6,4.0,2.0,0.10048745960122535,0.016747909933537558,0.025121864900306337,0.050243729800612674,Li4 Mg2
Mg,Li4 Mg2,6,4.0,2.0,0.09943876576500452,0.016573127627500753,0.02485969144125113,0.04971938288250226,Li4 Mg2
Mg,Li4 Mg2,6,4.0,2.0,0.1026062484557726,0.01710104140929543,0.02565156211394315,0.0513031242278863,Li4 Mg2
Mg,Li4 Mg2,6,4.0,2.0,0.0990682386683362,0.016511373111389366,0.02476705966708405,0.0495341193341681,Li4 Mg2
Mg,Li4 Mg2,6,4.0,2.0,0.0973937030127067,0.016232283835451115,0.024348425753176674,0.04869685150635335,Li4 Mg2
Mg,Li4 Mg2,6,4.0,2.0,0.10317068912217299,0.017195114853695497,0.025792672280543247,0.051585344561086495,Li4 Mg2
Mg,Li4 Mg2,6,4.0,2.0,0.101642307302833,0.016940384550472167,0.02541057682570825,0.0508211536514165,Li4 Mg2
Mg,Li4 Mg2,6,4.0,2.0,0.09235964648168506,0.015393274413614176,0.023089911620421264,0.04617982324084253,Li4 Mg2
Mg,Li4 Mg2,6,4.0,2.0,0.09722472586939271,0.01620412097823212,0.024306181467348177,0.048612362934696354,Li4 Mg2
N,Li2 N1,3,2.0,1.0,0.03045461002609215,0.01015153667536405,0.015227305013046075,0.03045461002609215,Li2 N1
O,Li1 O1,2,1.0,1.0,0.0018863788169081498,0.0009431894084540749,0.0018863788169081498,0.0018863788169081498,Li1 O1
O,Li1 O1,2,1.0,1.0,0.0021241927888246,0.0010620963944123,0.0021241927888246,0.0021241927888246,Li1 O1
O,Li4 O4,8,4.0,4.0,0.052691243799682,0.00658640547496025,0.0131728109499205,0.0131728109499205,Li4 O4
O,Li4 O4,8,4.0,4.0,0.0055512886631799985,0.0006939110828974998,0.0013878221657949996,0.0013878221657949996,Li4 O4
O,Li68 O34,102,68.0,34.0,0.8542426153895899,0.008374927601858725,0.012562391402788087,0.025124782805576173,Li68 O34
O,Li68 O34,102,68.0,34.0,0.9333637755803701,0.009150625250787942,0.013725937876181912,0.027451875752363825,Li68 O34
O,Li68 O34,102,68.0,34.0,0.974696273192905,0.009555845815616715,0.014333768723425074,0.028667537446850147,Li68 O34
O,Li68 O34,102,68.0,34.0,0.9695185687750298,0.009505084007598332,0.014257626011397498,0.028515252022794996,Li68 O34
O,Li2 O1,3,2.0,1.0,0.028551956362745448,0.009517318787581816,0.014275978181372724,0.028551956362745448,Li2 O1
O,Li8 O4,12,8.0,4.0,0.136121524908287,0.011343460409023917,0.017015190613535874,0.03403038122707175,Li8 O4
Pd,Li2 Pd1,3,2.0,1.0,0.010665474456535852,0.0035551581521786175,0.005332737228267926,0.010665474456535852,Li2 Pd1
Pt,Li2 Pt1,3,2.0,1.0,0.033079812531585054,0.011026604177195018,0.016539906265792527,0.033079812531585054,Li2 Pt1
Sb,Li12 Sb6,18,12.0,6.0,0.183635788808375,0.010201988267131944,0.015302982400697917,0.030605964801395835,Li12 Sb6
Sb,Li12 Sb6,18,12.0,6.0,0.1727687706163085,0.009598265034239361,0.014397397551359041,0.028794795102718082,Li12 Sb6
Se,Li2 Se1,3,2.0,1.0,0.028979634005348753,0.009659878001782918,0.014489817002674377,0.028979634005348753,Li2 Se1
Si,Li4 Si2,6,4.0,2.0,0.004057477775444901,0.0006762462959074836,0.0010143694438612253,0.0020287388877224507,Li4 Si2
Sn,Li4 Sn10,14,4.0,10.0,0.031009788069969603,0.002214984862140686,0.007752447017492401,0.0031009788069969605,Li4 Sn10
S,Li8 S4,12,8.0,4.0,0.137914427201764,0.011492868933480333,0.0172393034002205,0.034478606800441,Li8 S4
S,Li2 S1,3,2.0,1.0,0.032955549825351406,0.010985183275117135,0.016477774912675703,0.032955549825351406,Li2 S1
S,Li22 S11,33,22.0,11.0,0.29960428403046646,0.009078917697892923,0.013618376546839384,0.02723675309367877,Li22 S11
S,Li4 S2,6,4.0,2.0,0.043648767793850046,0.007274794632308341,0.010912191948462512,0.021824383896925023,Li4 S2
S,Li22 S11,33,22.0,11.0,0.29740642100384,0.009012315787995152,0.013518473681992728,0.027036947363985455,Li22 S11
Te,Li2 Te1,3,2.0,1.0,0.027749742894835398,0.009249914298278466,0.013874871447417699,0.027749742894835398,Li2 Te1
Tl,Li4 Tl2,6,4.0,2.0,0.09621821042195061,0.016036368403658435,0.024054552605487653,0.048109105210975306,Li4 Tl2
Ac,Li3 Ac1,4,3.0,1.0,0.06186907878140545,0.015467269695351362,0.020623026260468483,0.06186907878140545,Li3 Ac1
Ag,Li6 Ag4,10,6.0,4.0,0.11748702206599052,0.011748702206599052,0.019581170344331753,0.02937175551649763,Li6 Ag4
Ag,Li3 Ag1,4,3.0,1.0,0.05630868040809825,0.014077170102024562,0.01876956013603275,0.05630868040809825,Li3 Ag1
Ag,Li3 Ag1,4,3.0,1.0,0.05624868637504911,0.014062171593762277,0.01874956212501637,0.05624868637504911,Li3 Ag1
Ag,Li6 Ag2,8,6.0,2.0,0.10812804230272552,0.01351600528784069,0.018021340383787585,0.05406402115136276,Li6 Ag2
Al,Li3 Al2,5,3.0,2.0,0.07284936699254405,0.01456987339850881,0.024283122330848016,0.03642468349627202,Li3 Al2
Al,Li3 Al1,4,3.0,1.0,0.0731501244729892,0.0182875311182473,0.024383374824329732,0.0731501244729892,Li3 Al1
As,Li48 As112,160,48.0,112.0,0.539446892860578,0.0033715430803786125,0.011238476934595376,0.00481649011482659,Li48 As112
As,Li18 As6,24,18.0,6.0,0.2816968210858135,0.01173736754524223,0.015649823393656306,0.04694947018096892,Li18 As6
As,Li6 As2,8,6.0,2.0,0.092698138487995,0.011587267310999376,0.015449689747999167,0.0463490692439975,Li6 As2
Au,Li3 Au1,4,3.0,1.0,0.048982261007883846,0.012245565251970961,0.016327420335961282,0.048982261007883846,Li3 Au1
Au,Li3 Au1,4,3.0,1.0,0.05599319582898745,0.013998298957246863,0.018664398609662482,0.05599319582898745,Li3 Au1
Be,Li3 Be1,4,3.0,1.0,0.0661037564267833,0.016525939106695826,0.022034585475594434,0.0661037564267833,Li3 Be1
Be,Li6 Be2,8,6.0,2.0,0.1300920973797405,0.016261512172467563,0.02168201622995675,0.06504604868987025,Li6 Be2
Bi,Li3 Bi1,4,3.0,1.0,0.05245703899995205,0.013114259749988012,0.017485679666650683,0.05245703899995205,Li3 Bi1
Bi,Li6 Bi2,8,6.0,2.0,0.08682459202949691,0.010853074003687114,0.014470765338249486,0.043412296014748455,Li6 Bi2
B,Li3 B1,4,3.0,1.0,0.004003349333513501,0.0010008373333783753,0.0013344497778378338,0.004003349333513501,Li3 B1
Ca,Li3 Ca1,4,3.0,1.0,0.0826207899964975,0.020655197499124374,0.027540263332165832,0.0826207899964975,Li3 Ca1
Ca,Li3 Ca1,4,3.0,1.0,0.0744917120072533,0.018622928001813324,0.024830570669084433,0.0744917120072533,Li3 Ca1
Cd,Li3 Cd1,4,3.0,1.0,0.061670270611977746,0.015417567652994436,0.02055675687065925,0.061670270611977746,Li3 Cd1
Cd,Li3 Cd1,4,3.0,1.0,0.061875768840606055,0.015468942210151514,0.02062525628020202,0.061875768840606055,Li3 Cd1
Cd,Li3 Cd1,4,3.0,1.0,0.0603975530207858,0.01509938825519645,0.02013251767359527,0.0603975530207858,Li3 Cd1
Ce,Li3 Ce1,4,3.0,1.0,0.05164356557014001,0.012910891392535002,0.017214521856713336,0.05164356557014001,Li3 Ce1
Co,Li3 Co1,4,3.0,1.0,0.008721586784433001,0.0021803966961082503,0.0029071955948110004,0.008721586784433001,Li3 Co1
Co,Li6 Co2,8,6.0,2.0,0.014450019760842495,0.0018062524701053118,0.0024083366268070824,0.007225009880421247,Li6 Co2
Cr,Li3 Cr1,4,3.0,1.0,0.006771330362950951,0.0016928325907377378,0.0022571101209836503,0.006771330362950951,Li3 Cr1
Cr,Li3 Cr1,4,3.0,1.0,0.005996936530206349,0.0014992341325515872,0.001998978843402116,0.005996936530206349,Li3 Cr1
Cr,Li6 Cr2,8,6.0,2.0,0.012026450028724,0.0015033062535905,0.0020044083381206665,0.006013225014362,Li6 Cr2
Cu,Li3 Cu1,4,3.0,1.0,0.0697960297040945,0.017449007426023625,0.023265343234698168,0.0697960297040945,Li3 Cu1
C,Li3 C1,4,3.0,1.0,0.04462525661372101,0.011156314153430252,0.014875085537907002,0.04462525661372101,Li3 C1
Dy,Li6 Dy2,8,6.0,2.0,0.173368766661448,0.021671095832681,0.028894794443574665,0.086684383330724,Li6 Dy2
Er,Li6 Er2,8,6.0,2.0,0.1477291082536745,0.018466138531709312,0.02462151804227908,0.07386455412683725,Li6 Er2
Eu,Li3 Eu1,4,3.0,1.0,0.10658839990521041,0.026647099976302602,0.03552946663507014,0.10658839990521041,Li3 Eu1
Eu,Li6 Eu2,8,6.0,2.0,0.15475615168316093,0.019344518960395116,0.025792691947193486,0.07737807584158046,Li6 Eu2
Fe,Li6 Fe2,8,6.0,2.0,0.020198982949285002,0.0025248728686606253,0.003366497158214167,0.010099491474642501,Li6 Fe2
Ga,Li3 Ga14,17,3.0,14.0,0.11792031072687101,0.00693648886628653,0.03930677024229034,0.008422879337633643,Li3 Ga14
Ga,Li3 Ga2,5,3.0,2.0,0.018232895939766798,0.0036465791879533595,0.006077631979922266,0.009116447969883399,Li3 Ga2
Ga,Li6 Ga14,20,6.0,14.0,0.217023992383722,0.0108511996191861,0.036170665397287,0.015501713741694428,Li6 Ga14
Ga,Li3 Ga1,4,3.0,1.0,0.0692342421147822,0.01730856052869555,0.0230780807049274,0.0692342421147822,Li3 Ga1
Ga,Li3 Ga1,4,3.0,1.0,0.07051257267110984,0.01762814316777746,0.02350419089036995,0.07051257267110984,Li3 Ga1
Gd,Li6 Gd2,8,6.0,2.0,0.1523021505032881,0.019037768812911013,0.025383691750548016,0.07615107525164405,Li6 Gd2
Ge,Li3 Ge1,4,3.0,1.0,0.048693946188021656,0.012173486547005414,0.01623131539600722,0.048693946188021656,Li3 Ge1
Hg,Li6 Hg2,8,6.0,2.0,0.09940952510704926,0.012426190638381157,0.01656825418450821,0.04970476255352463,Li6 Hg2
Hg,Li3 Hg1,4,3.0,1.0,0.051972141766867194,0.012993035441716799,0.017324047255622397,0.051972141766867194,Li3 Hg1
Hg,Li3 Hg1,4,3.0,1.0,0.052104765560813296,0.013026191390203324,0.017368255186937766,0.052104765560813296,Li3 Hg1
Ho,Li6 Ho2,8,6.0,2.0,0.1479639760874755,0.018495497010934437,0.024660662681245917,0.07398198804373775,Li6 Ho2
In,Li3 In2,5,3.0,2.0,0.0734909057664402,0.01469818115328804,0.024496968588813398,0.0367454528832201,Li3 In2
In,Li3 In1,4,3.0,1.0,0.070654583154433,0.01766364578860825,0.023551527718144335,0.070654583154433,Li3 In1
In,Li3 In1,4,3.0,1.0,0.06916368228781479,0.017290920571953697,0.02305456076260493,0.06916368228781479,Li3 In1
La,Li3 La1,4,3.0,1.0,0.0850690303955684,0.0212672575988921,0.028356343465189466,0.0850690303955684,Li3 La1
Lu,Li6 Lu2,8,6.0,2.0,0.1385172125647745,0.017314651570596813,0.023086202094129083,0.06925860628238725,Li6 Lu2
Mg,Li3 Mg5,8,3.0,5.0,0.11905332368551116,0.014881665460688896,0.039684441228503724,0.023810664737102232,Li3 Mg5
Mg,Li3 Mg1,4,3.0,1.0,0.0728718554652645,0.018217963866316127,0.0242906184884215,0.0728718554652645,Li3 Mg1
Mg,Li3 Mg1,4,3.0,1.0,0.0693149550309625,0.017328738757740623,0.023104985010320832,0.0693149550309625,Li3 Mg1
Mg,Li6 Mg2,8,6.0,2.0,0.14340721037143936,0.01792590129642992,0.023901201728573226,0.07170360518571968,Li6 Mg2
Mg,Li3 Mg1,4,3.0,1.0,0.06926519171282206,0.017316297928205514,0.02308839723760735,0.06926519171282206,Li3 Mg1
Mg,Li3 Mg1,4,3.0,1.0,0.07286829931386565,0.018217074828466413,0.024289433104621883,0.07286829931386565,Li3 Mg1
Mg,Li3 Mg1,4,3.0,1.0,0.07162365992026515,0.017905914980066287,0.023874553306755048,0.07162365992026515,Li3 Mg1
Mo,Li3 Mo1,4,3.0,1.0,0.0054774670461923,0.001369366761548075,0.0018258223487307667,0.0054774670461923,Li3 Mo1
N,Li3 N2,5,3.0,2.0,0.03683194008901415,0.00736638801780283,0.012277313363004716,0.018415970044507075,Li3 N2
Nb,Li3 Nb1,4,3.0,1.0,0.07100132646156544,0.01775033161539136,0.023667108820521813,0.07100132646156544,Li3 Nb1
Nb,Li6 Nb2,8,6.0,2.0,0.157603419036435,0.019700427379554374,0.0262672365060725,0.0788017095182175,Li6 Nb2
Nb,Li3 Nb1,4,3.0,1.0,0.0709439209287347,0.017735980232183673,0.023647973642911563,0.0709439209287347,Li3 Nb1
Nd,Li3 Nd1,4,3.0,1.0,0.09995120342077594,0.024987800855193986,0.03331706780692532,0.09995120342077594,Li3 Nd1
Ni,Li3 Ni1,4,3.0,1.0,0.008529231862432402,0.0021323079656081004,0.002843077287477467,0.008529231862432402,Li3 Ni1
Ni,Li6 Ni2,8,6.0,2.0,0.017418998866050493,0.0021773748582563117,0.002903166477675082,0.008709499433025247,Li6 Ni2
Np,Li6 Np2,8,6.0,2.0,0.12407722297090301,0.015509652871362876,0.02067953716181717,0.062038611485451506,Li6 Np2
N,Li3 N1,4,3.0,1.0,0.030343014137934998,0.0075857535344837496,0.010114338045978333,0.030343014137934998,Li3 N1
N,Li6 N2,8,6.0,2.0,0.09528548413209001,0.011910685516511251,0.015880914022015,0.047642742066045005,Li6 N2
P,Li12 P28,40,12.0,28.0,0.128479264996828,0.0032119816249207,0.010706605416402332,0.004588545178458143,Li12 P28
Pb,Li3 Pb1,4,3.0,1.0,0.0470210129131149,0.011755253228278724,0.0156736709710383,0.0470210129131149,Li3 Pb1
Pd,Li3 Pd1,4,3.0,1.0,0.0628384298153248,0.0157096074538312,0.020946143271774933,0.0628384298153248,Li3 Pd1
Pd,Li3 Pd1,4,3.0,1.0,0.0699599048700062,0.01748997621750155,0.023319968290002064,0.0699599048700062,Li3 Pd1
Pm,Li3 Pm1,4,3.0,1.0,0.101747226962936,0.025436806740734,0.033915742320978666,0.101747226962936,Li3 Pm1
Pm,Li6 Pm2,8,6.0,2.0,0.137541222472953,0.017192652809119125,0.0229235370788255,0.0687706112364765,Li6 Pm2
Pr,Li3 Pr1,4,3.0,1.0,0.1022264886553368,0.0255566221638342,0.0340754962184456,0.1022264886553368,Li3 Pr1
Pt,Li3 Pt1,4,3.0,1.0,0.052779408671131095,0.013194852167782774,0.017593136223710365,0.052779408671131095,Li3 Pt1
Pt,Li3 Pt1,4,3.0,1.0,0.05604773171085859,0.014011932927714648,0.018682577236952862,0.05604773171085859,Li3 Pt1
Pu,Li3 Pu1,4,3.0,1.0,0.06809555883911445,0.01702388970977861,0.02269851961303815,0.06809555883911445,Li3 Pu1
Pu,Li3 Pu1,4,3.0,1.0,0.06967536527138235,0.017418841317845588,0.02322512175712745,0.06967536527138235,Li3 Pu1
P,Li6 P2,8,6.0,2.0,0.0959670878289755,0.011995885978621938,0.015994514638162583,0.04798354391448775,Li6 P2
Re,Li6 Re2,8,6.0,2.0,0.0093321962253635,0.0011665245281704375,0.0015553660375605832,0.00466609811268175,Li6 Re2
Rh,Li3 Rh1,4,3.0,1.0,0.003475601957697,0.00086890048942425,0.001158533985899,0.003475601957697,Li3 Rh1
Rh,Li6 Rh2,8,6.0,2.0,0.007150803215398002,0.0008938504019247503,0.0011918005358996671,0.003575401607699001,Li6 Rh2
Sb,Li3 Sb1,4,3.0,1.0,0.04646512447256065,0.011616281118140162,0.015488374824186883,0.04646512447256065,Li3 Sb1
Sb,Li6 Sb2,8,6.0,2.0,0.0927716685901758,0.011596458573771975,0.0154619447650293,0.0463858342950879,Li6 Sb2
Sc,Li6 Sc2,8,6.0,2.0,0.1512508364676235,0.018906354558452937,0.025208472744603916,0.07562541823381175,Li6 Sc2
Sm,Li6 Sm2,8,6.0,2.0,0.1388055783927925,0.017350697299099063,0.023134263065465416,0.06940278919639625,Li6 Sm2
Sm,Li3 Sm1,4,3.0,1.0,0.1018226964179311,0.025455674104482774,0.03394089880597703,0.1018226964179311,Li3 Sm1
Sn,Li3 Sn1,4,3.0,1.0,0.0034749994162379984,0.0008687498540594996,0.0011583331387459994,0.0034749994162379984,Li3 Sn1
Tb,Li6 Tb2,8,6.0,2.0,0.03102149534944,0.00387768691868,0.005170249224906667,0.01551074767472,Li6 Tb2
Tc,Li3 Tc1,4,3.0,1.0,0.008110591035851402,0.0020276477589628505,0.0027035303452838007,0.008110591035851402,Li3 Tc1
Tc,Li3 Tc1,4,3.0,1.0,0.0069043689686843004,0.0017260922421710751,0.002301456322894767,0.0069043689686843004,Li3 Tc1
Te,Li6 Te2,8,6.0,2.0,0.10869377866092542,0.013586722332615677,0.018115629776820904,0.05434688933046271,Li6 Te2
Th,Li3 Th1,4,3.0,1.0,0.06381631215984294,0.015954078039960736,0.02127210405328098,0.06381631215984294,Li3 Th1
Tl,Li3 Tl1,4,3.0,1.0,0.07116599933893311,0.017791499834733278,0.02372199977964437,0.07116599933893311,Li3 Tl1
Tm,Li6 Tm2,8,6.0,2.0,0.14676177963382453,0.018345222454228066,0.02446029660563742,0.07338088981691226,Li6 Tm2
W,Li6 W2,8,6.0,2.0,0.008195097885815995,0.0010243872357269994,0.0013658496476359992,0.004097548942907998,Li6 W2
W,Li3 W1,4,3.0,1.0,0.00519646586455195,0.0012991164661379875,0.0017321552881839834,0.00519646586455195,Li3 W1
Yb,Li3 Yb1,4,3.0,1.0,0.09446713992858871,0.023616784982147178,0.0314890466428629,0.09446713992858871,Li3 Yb1
Yb,Li6 Yb2,8,6.0,2.0,0.180462136669311,0.022557767083663874,0.0300770227782185,0.0902310683346555,Li6 Yb2
Y,Li6 Y2,8,6.0,2.0,0.167987154326418,0.02099839429080225,0.027997859054403,0.083993577163209,Li6 Y2
Zn,Li6 Zn2,8,6.0,2.0,0.135742882208743,0.016967860276092876,0.022623813701457166,0.0678714411043715,Li6 Zn2
Zn,Li3 Zn1,4,3.0,1.0,0.060678987780531546,0.015169746945132886,0.020226329260177183,0.060678987780531546,Li3 Zn1
Zn,Li3 Zn1,4,3.0,1.0,0.06057226027229075,0.015143065068072687,0.020190753424096916,0.06057226027229075,Li3 Zn1
Zr,Li3 Zr1,4,3.0,1.0,0.0930969217199164,0.0232742304299791,0.031032307239972134,0.0930969217199164,Li3 Zr1
Mg,Li4 Mg1,5,4.0,1.0,0.08221897096599384,0.016443794193198767,0.02055474274149846,0.08221897096599384,Li4 Mg1
Pt,Li8 Pt2,10,8.0,2.0,0.0988730156166715,0.00988730156166715,0.012359126952083938,0.04943650780833575,Li8 Pt2
B,Li5 B4,9,5.0,4.0,0.078320648323178,0.00870229425813089,0.015664129664635602,0.0195801620807945,Li5 B4
B,Li5 B4,9,5.0,4.0,0.012334707505628997,0.0013705230561809997,0.0024669415011257995,0.0030836768764072493,Li5 B4
Ga,Li5 Ga4,9,5.0,4.0,0.035526470583273004,0.003947385620363667,0.007105294116654601,0.008881617645818251,Li5 Ga4
In,Li5 In4,9,5.0,4.0,0.124155343047817,0.01379503811642411,0.0248310686095634,0.03103883576195425,Li5 In4
Mg,Li5 Mg1,6,5.0,1.0,0.1010753346914312,0.016845889115238533,0.02021506693828624,0.1010753346914312,Li5 Mg1
Mg,Li5 Mg1,6,5.0,1.0,0.10873886305808775,0.018123143843014625,0.02174777261161755,0.10873886305808775,Li5 Mg1
Mg,Li5 Mg1,6,5.0,1.0,0.10643196931186959,0.017738661551978264,0.021286393862373916,0.10643196931186959,Li5 Mg1
Mg,Li5 Mg1,6,5.0,1.0,0.10640865671058457,0.017734776118430762,0.021281731342116913,0.10640865671058457,Li5 Mg1
Mg,Li5 Mg1,6,5.0,1.0,0.11043600044469296,0.018406000074115494,0.02208720008893859,0.11043600044469296,Li5 Mg1
Sn,Li5 Sn2,7,5.0,2.0,0.0071159310811603,0.0010165615830229,0.00142318621623206,0.00355796554058015,Li5 Sn2
Tl,Li5 Tl2,7,5.0,2.0,0.11919930357863952,0.017028471939805646,0.023839860715727905,0.05959965178931976,Li5 Tl2
Al,Li7 Al6,13,7.0,6.0,0.03603900849322785,0.0027722314225559885,0.005148429784746836,0.006006501415537976,Li7 Al6
C,Li7 C120,127,7.0,120.0,0.09191856289555947,0.0007237682117760588,0.013131223270794209,0.0007659880241296622,Li7 C120
Ge,Li14 Ge4,18,14.0,4.0,0.22986241473458102,0.012770134151921167,0.01641874390961293,0.057465603683645256,Li14 Ge4
Pb,Li7 Pb2,9,7.0,2.0,0.1026422401860255,0.011404693354002833,0.014663177169432214,0.05132112009301275,Li7 Pb2
Si,Li28 Si8,36,28.0,8.0,0.3901449522186065,0.01083735978385018,0.013933748293521661,0.048768119027325814,Li28 Si8
Si,Li42 Si18,60,42.0,18.0,0.03555211898341498,0.0005925353163902497,0.0008464790234146424,0.001975117721300832,Li42 Si18
Sn,Li14 Sn4,18,14.0,4.0,0.2172743722755085,0.012070798459750473,0.01551959801967918,0.054318593068877125,Li14 Sn4
Sn,Li14 Sn6,20,14.0,6.0,0.2170299006244055,0.010851495031220276,0.015502135758886107,0.03617165010406758,Li14 Sn6
Ag,Li16 Ag10,26,16.0,10.0,0.307263195353522,0.011817815205904691,0.019203949709595124,0.0307263195353522,Li16 Ag10
Hf,Li16 Hf6,22,16.0,6.0,0.018516415165471006,0.0008416552347941367,0.001157275947841938,0.0030860691942451676,Li16 Hf6
Pb,Li8 Pb3,11,8.0,3.0,0.133403638798402,0.012127603527127455,0.01667545484980025,0.04446787959946733,Li8 Pb3
Ag,Li18 Ag8,26,18.0,8.0,0.37321538458730846,0.014354437868742633,0.020734188032628248,0.04665192307341356,Li18 Ag8
Al,Li9 Al4,13,9.0,4.0,0.2209695450070555,0.01699765730823504,0.024552171667450613,0.05524238625176388,Li9 Al4
Ge,Li18 Ge8,26,18.0,8.0,0.023944194775295496,0.000920930568280596,0.001330233043071972,0.002993024346911937,Li18 Ge8
Ge,Li18 Ge8,26,18.0,8.0,0.3047653071681405,0.011721742583390019,0.016931405953785582,0.03809566339601756,Li18 Ge8
Ac,Li1 Ac3,4,1.0,3.0,0.05453905881810195,0.013634764704525487,0.05453905881810195,0.01817968627270065,Li1 Ac3
Ag,Li1 Ag3,4,1.0,3.0,0.038916739127771646,0.009729184781942912,0.038916739127771646,0.012972246375923882,Li1 Ag3
Ag,Li2 Ag6,8,2.0,6.0,0.07720681324496916,0.009650851655621144,0.03860340662248458,0.01286780220749486,Li2 Ag6
Ag,Li1 Ag3,4,1.0,3.0,0.03883949215371295,0.009709873038428237,0.03883949215371295,0.012946497384570982,Li1 Ag3
Ag,Li2 Ag2,4,2.0,2.0,0.0449016781857745,0.011225419546443625,0.02245083909288725,0.02245083909288725,Li2 Ag2
Ag,Li1 Ag1,2,1.0,1.0,0.0230845134592721,0.01154225672963605,0.0230845134592721,0.0230845134592721,Li1 Ag1
Al,Li4 Al8,12,4.0,8.0,0.12709272501382302,0.010591060417818585,0.031773181253455754,0.015886590626727877,Li4 Al8
Al,Li1 Al3,4,1.0,3.0,0.042183031300465995,0.010545757825116499,0.042183031300465995,0.014061010433488666,Li1 Al3
Al,Li1 Al3,4,1.0,3.0,0.0420457437388019,0.010511435934700475,0.0420457437388019,0.014015247912933966,Li1 Al3
Al,Li2 Al2,4,2.0,2.0,0.06010417491984729,0.015026043729961823,0.030052087459923646,0.030052087459923646,Li2 Al2
Al,Li4 Al4,8,4.0,4.0,0.11325141291626581,0.014156426614533226,0.028312853229066452,0.028312853229066452,Li4 Al4
Al,Li12 Al12,24,12.0,12.0,0.32411148926245403,0.013504645385935585,0.02700929077187117,0.02700929077187117,Li12 Al12
As,Li2 As6,8,2.0,6.0,0.020693712618245652,0.0025867140772807065,0.010346856309122826,0.003448952103040942,Li2 As6
As,Li8 As8,16,8.0,8.0,0.11822786943350101,0.007389241839593813,0.014778483679187627,0.014778483679187627,Li8 As8
Au,Li1 Au3,4,1.0,3.0,0.025282114323638902,0.0063205285809097254,0.025282114323638902,0.008427371441212967,Li1 Au3
Au,Li2 Au6,8,2.0,6.0,0.05098951573466086,0.006373689466832607,0.02549475786733043,0.008498252622443477,Li2 Au6
Au,Li1 Au3,4,1.0,3.0,0.024835897046764647,0.006208974261691162,0.024835897046764647,0.008278632348921549,Li1 Au3
Au,Li1 Au1,2,1.0,1.0,0.01739084302286055,0.008695421511430275,0.01739084302286055,0.01739084302286055,Li1 Au1
Au,Li1 Au1,2,1.0,1.0,0.018945756893012047,0.009472878446506024,0.018945756893012047,0.018945756893012047,Li1 Au1
B,Li1 B11,12,1.0,11.0,0.06355806347107451,0.005296505289256209,0.06355806347107451,0.005778005770097683,Li1 B11
B,Li1 B11,12,1.0,11.0,0.061580596160595,0.00513171634671625,0.061580596160595,0.005598236014599545,Li1 B11
B,Li1 B11,12,1.0,11.0,0.060760871582956996,0.005063405965246417,0.060760871582956996,0.005523715598450636,Li1 B11
B,Li1 B11,12,1.0,11.0,0.0635600708452915,0.005296672570440958,0.0635600708452915,0.005778188258662864,Li1 B11
B,Li1 B11,12,1.0,11.0,0.06171572335497651,0.005142976946248042,0.06171572335497651,0.0056105203049978646,Li1 B11
B,Li2 B6,8,2.0,6.0,0.015376179458525,0.001922022432315625,0.0076880897292625,0.002562696576420833,Li2 B6
B,Li4 B12,16,4.0,12.0,0.12137288502487201,0.0075858053140545004,0.030343221256218002,0.010114407085406,Li4 B12
B,Li2 B18,20,2.0,18.0,0.05160774996076051,0.0025803874980380253,0.025803874980380254,0.0028670972200422504,Li2 B18
Be,Li2 Be2,4,2.0,2.0,0.014796741674695801,0.0036991854186739503,0.007398370837347901,0.007398370837347901,Li2 Be2
Be,Li1 Be1,2,1.0,1.0,0.032955255096836,0.016477627548418,0.032955255096836,0.032955255096836,Li1 Be1
Be,Li2 Be2,4,2.0,2.0,0.0425110944982542,0.01062777362456355,0.0212555472491271,0.0212555472491271,Li2 Be2
Bi,Li1 Bi1,2,1.0,1.0,0.015541819627032199,0.007770909813516099,0.015541819627032199,0.015541819627032199,Li1 Bi1
Br,Li1 Br1,2,1.0,1.0,0.013456521108307092,0.006728260554153546,0.013456521108307092,0.013456521108307092,Li1 Br1
Br,Li2 Br2,4,2.0,2.0,0.01794241083147685,0.004485602707869213,0.008971205415738426,0.008971205415738426,Li2 Br2
B,Li2 B2,4,2.0,2.0,0.0043517181353369995,0.0010879295338342499,0.0021758590676684997,0.0021758590676684997,Li2 B2
B,Li2 B2,4,2.0,2.0,0.0056565240901932014,0.0014141310225483004,0.0028282620450966007,0.0028282620450966007,Li2 B2
B,Li4 B4,8,4.0,4.0,0.040598132506317046,0.005074766563289631,0.010149533126579261,0.010149533126579261,Li4 B4
B,Li2 B2,4,2.0,2.0,0.043400570156634295,0.010850142539158574,0.021700285078317148,0.021700285078317148,Li2 B2
B,Li4 B4,8,4.0,4.0,0.08703198760836865,0.010878998451046082,0.021757996902092163,0.021757996902092163,Li4 B4
C,Li1 C12,13,1.0,12.0,0.0091490162474641,0.0007037704805741616,0.0091490162474641,0.0007624180206220084,Li1 C12
C,Li2 C24,26,2.0,24.0,0.017659310812197494,0.0006792042620075959,0.008829655406098747,0.0007358046171748956,Li2 C24
C,Li1 C6,7,1.0,6.0,0.0043770425896941505,0.0006252917985277358,0.0043770425896941505,0.0007295070982823584,Li1 C6
Ca,Li2 Ca6,8,2.0,6.0,0.1305104111562783,0.016313801394534786,0.06525520557813914,0.021751735192713048,Li2 Ca6
Ca,Li1 Ca3,4,1.0,3.0,0.06943679841994814,0.017359199604987035,0.06943679841994814,0.023145599473316045,Li1 Ca3
Ca,Li2 Ca8,10,2.0,8.0,0.0682510448265305,0.00682510448265305,0.03412552241326525,0.008531380603316312,Li2 Ca8
Cd,Li1 Cd3,4,1.0,3.0,0.03383570243512115,0.008458925608780287,0.03383570243512115,0.011278567478373717,Li1 Cd3
Cd,Li2 Cd6,8,2.0,6.0,0.0683335721411342,0.008541696517641775,0.0341667860705671,0.011388928690189032,Li2 Cd6
Cd,Li1 Cd3,4,1.0,3.0,0.03506948552707824,0.00876737138176956,0.03506948552707824,0.01168982850902608,Li1 Cd3
Cd,Li2 Cd2,4,2.0,2.0,0.051713886455840394,0.012928471613960098,0.025856943227920197,0.025856943227920197,Li2 Cd2
Ce,Li1 Ce3,4,1.0,3.0,0.02194251989432045,0.005485629973580113,0.02194251989432045,0.007314173298106817,Li1 Ce3
Cl,Li2 Cl2,4,2.0,2.0,0.01880159951239145,0.004700399878097863,0.009400799756195725,0.009400799756195725,Li2 Cl2
Cl,Li4 Cl4,8,4.0,4.0,0.0557076570512686,0.006963457131408575,0.01392691426281715,0.01392691426281715,Li4 Cl4
Cu,Li1 Cu3,4,1.0,3.0,0.0567901465790843,0.014197536644771075,0.0567901465790843,0.018930048859694768,Li1 Cu3
Cu,Li2 Cu6,8,2.0,6.0,0.11395000445192849,0.014243750556491061,0.056975002225964244,0.01899166740865475,Li2 Cu6
Cu,Li1 Cu3,4,1.0,3.0,0.056888161610544455,0.014222040402636114,0.056888161610544455,0.01896272053684815,Li1 Cu3
Cu,Li1 Cu3,4,1.0,3.0,0.05592825530823605,0.013982063827059013,0.05592825530823605,0.018642751769412016,Li1 Cu3
C,Li2 C2,4,2.0,2.0,0.03042046559117805,0.007605116397794513,0.015210232795589026,0.015210232795589026,Li2 C2
Dy,Li2 Dy6,8,2.0,6.0,0.2413338611072925,0.03016673263841156,0.12066693055364625,0.04022231018454875,Li2 Dy6
Dy,Li1 Dy3,4,1.0,3.0,0.12182843296276616,0.03045710824069154,0.12182843296276616,0.040609477654255384,Li1 Dy3
Er,Li2 Er6,8,2.0,6.0,0.15809984094421148,0.019762480118026435,0.07904992047210574,0.026349973490701912,Li2 Er6
Eu,Li2 Eu6,8,2.0,6.0,0.2556030661602965,0.03195038327003706,0.12780153308014824,0.04260051102671608,Li2 Eu6
Eu,Li1 Eu3,4,1.0,3.0,0.10589461793566754,0.026473654483916885,0.10589461793566754,0.03529820597855585,Li1 Eu3
F,Li2 F6,8,2.0,6.0,0.0270089716202686,0.003376121452533575,0.0135044858101343,0.004501495270044766,Li2 F6
Fe,Li2 Fe2,4,2.0,2.0,0.0126791242581425,0.003169781064535625,0.00633956212907125,0.00633956212907125,Li2 Fe2
F,Li1 F1,2,1.0,1.0,0.0162575353843133,0.00812876769215665,0.0162575353843133,0.0162575353843133,Li1 F1
F,Li1 F1,2,1.0,1.0,0.018925147385697602,0.009462573692848801,0.018925147385697602,0.018925147385697602,Li1 F1
F,Li2 F2,4,2.0,2.0,0.028453408812655102,0.007113352203163776,0.014226704406327551,0.014226704406327551,Li2 F2
Ga,Li4 Ga8,12,4.0,8.0,0.136263444576016,0.011355287048001332,0.034065861144004,0.017032930572002,Li4 Ga8
Ga,Li1 Ga3,4,1.0,3.0,0.04683952205210916,0.01170988051302729,0.04683952205210916,0.015613174017369719,Li1 Ga3
Ga,Li2 Ga6,8,2.0,6.0,0.09304190735660194,0.011630238419575242,0.04652095367830097,0.015506984559433655,Li2 Ga6
Ga,Li1 Ga3,4,1.0,3.0,0.04711241606775725,0.011778104016939312,0.04711241606775725,0.015704138689252415,Li1 Ga3
Ga,Li2 Ga2,4,2.0,2.0,0.017350068829686698,0.004337517207421674,0.008675034414843349,0.008675034414843349,Li2 Ga2
Gd,Li2 Gd6,8,2.0,6.0,0.1236896991301628,0.01546121239127035,0.0618448495650814,0.020614949855027133,Li2 Gd6
Ge,Li1 Ge3,4,1.0,3.0,0.009756199437685749,0.0024390498594214372,0.009756199437685749,0.003252066479228583,Li1 Ge3
Ge,Li6 Ge6,12,6.0,6.0,0.016009939077337505,0.0013341615897781254,0.0026683231795562507,0.0026683231795562507,Li6 Ge6
Ge,Li8 Ge8,16,8.0,8.0,0.021851838263821997,0.0013657398914888748,0.0027314797829777497,0.0027314797829777497,Li8 Ge8
Hf,Li1 Hf1,2,1.0,1.0,0.0283277837966577,0.01416389189832885,0.0283277837966577,0.0283277837966577,Li1 Hf1
Hg,Li2 Hg6,8,2.0,6.0,0.03464625535643429,0.004330781919554287,0.017323127678217146,0.0057743758927390485,Li2 Hg6
Hg,Li1 Hg3,4,1.0,3.0,0.023749502897550352,0.005937375724387588,0.023749502897550352,0.007916500965850117,Li1 Hg3
Hg,Li1 Hg3,4,1.0,3.0,0.02061405621984795,0.005153514054961988,0.02061405621984795,0.006871352073282651,Li1 Hg3
Hg,Li1 Hg3,4,1.0,3.0,0.0209323354713424,0.0052330838678356,0.0209323354713424,0.006977445157114133,Li1 Hg3
Hg,Li1 Hg1,2,1.0,1.0,0.013680092865284798,0.006840046432642399,0.013680092865284798,0.013680092865284798,Li1 Hg1
Ho,Li2 Ho6,8,2.0,6.0,0.13456483553432397,0.016820604441790496,0.06728241776716198,0.022427472589053993,Li2 Ho6
Ho,Li1 Ho3,4,1.0,3.0,0.07246604141323253,0.01811651035330813,0.07246604141323253,0.024155347137744174,Li1 Ho3
Ho,Li1 Ho3,4,1.0,3.0,0.0717485872425609,0.017937146810640226,0.0717485872425609,0.0239161957475203,Li1 Ho3
H,Li1 H1,2,1.0,1.0,0.02108352073790845,0.010541760368954226,0.02108352073790845,0.02108352073790845,Li1 H1
In,Li4 In8,12,4.0,8.0,0.10455956750220174,0.008713297291850145,0.026139891875550436,0.013069945937775218,Li4 In8
In,Li1 In3,4,1.0,3.0,0.0404479591568668,0.0101119897892167,0.0404479591568668,0.013482653052288934,Li1 In3
In,Li1 In3,4,1.0,3.0,0.03945192203436685,0.009862980508591713,0.03945192203436685,0.013150640678122284,Li1 In3
In,Li2 In2,4,2.0,2.0,0.05644480434389841,0.014111201085974603,0.028222402171949205,0.028222402171949205,Li2 In2
Ir,Li1 Ir3,4,1.0,3.0,0.018959361243737354,0.0047398403109343385,0.018959361243737354,0.006319787081245785,Li1 Ir3
Ir,Li1 Ir1,2,1.0,1.0,0.026047176733259052,0.013023588366629526,0.026047176733259052,0.026047176733259052,Li1 Ir1
I,Li1 I1,2,1.0,1.0,0.009471474845232449,0.004735737422616224,0.009471474845232449,0.009471474845232449,Li1 I1
I,Li2 I2,4,2.0,2.0,0.019363476359047796,0.004840869089761949,0.009681738179523898,0.009681738179523898,Li2 I2
I,Li2 I2,4,2.0,2.0,0.013614630300938102,0.0034036575752345254,0.006807315150469051,0.006807315150469051,Li2 I2
La,Li2 La6,8,2.0,6.0,0.1667037246744545,0.02083796558430681,0.08335186233722724,0.02778395411240908,Li2 La6
La,Li1 La3,4,1.0,3.0,0.08319360846700649,0.020798402116751623,0.08319360846700649,0.027731202822335498,Li1 La3
Lu,Li2 Lu6,8,2.0,6.0,0.1053790297316088,0.0131723787164511,0.0526895148658044,0.0175631716219348,Li2 Lu6
Mg,Li1 Mg149,150,1.0,149.0,1.516943227714469,0.010112954851429793,1.516943227714469,0.010180827031640732,Li1 Mg149
Mg,Li1 Mg15,16,1.0,15.0,0.1781380626103065,0.011133628913144157,0.1781380626103065,0.011875870840687102,Li1 Mg15
Mg,Li2 Mg4,6,2.0,4.0,0.0974271498315551,0.016237858305259183,0.04871357491577755,0.024356787457888773,Li2 Mg4
Mg,Li2 Mg4,6,2.0,4.0,0.0872291728554401,0.014538195475906684,0.04361458642772005,0.021807293213860025,Li2 Mg4
Mg,Li2 Mg4,6,2.0,4.0,0.0994544747455576,0.01657574579092627,0.0497272373727788,0.0248636186863894,Li2 Mg4
Mg,Li2 Mg4,6,2.0,4.0,0.0911669472590524,0.015194491209842067,0.0455834736295262,0.0227917368147631,Li2 Mg4
Mg,Li2 Mg4,6,2.0,4.0,0.09678920898048485,0.01613153483008081,0.048394604490242424,0.024197302245121212,Li2 Mg4
Mg,Li2 Mg4,6,2.0,4.0,0.0936108434234145,0.015601807237235749,0.04680542171170725,0.023402710855853624,Li2 Mg4
Mg,Li2 Mg4,6,2.0,4.0,0.09239856417901345,0.015399760696502241,0.04619928208950672,0.02309964104475336,Li2 Mg4
Mg,Li2 Mg4,6,2.0,4.0,0.0955921255565708,0.015932020926095133,0.0477960627782854,0.0238980313891427,Li2 Mg4
Mg,Li2 Mg4,6,2.0,4.0,0.09995510894167542,0.01665918482361257,0.04997755447083771,0.024988777235418855,Li2 Mg4
Mg,Li2 Mg4,6,2.0,4.0,0.09612210595555849,0.016020350992593083,0.048061052977779246,0.024030526488889623,Li2 Mg4
Mg,Li2 Mg4,6,2.0,4.0,0.09623973132666294,0.01603995522111049,0.04811986566333147,0.024059932831665735,Li2 Mg4
Mg,Li2 Mg4,6,2.0,4.0,0.09692318787267196,0.016153864645445326,0.04846159393633598,0.02423079696816799,Li2 Mg4
Mg,Li2 Mg4,6,2.0,4.0,0.07593021545681425,0.012655035909469042,0.037965107728407124,0.018982553864203562,Li2 Mg4
Mg,Li1 Mg2,3,1.0,2.0,0.0384758460917817,0.012825282030593901,0.0384758460917817,0.01923792304589085,Li1 Mg2
Mg,Li2 Mg4,6,2.0,4.0,0.09917917803925705,0.01652986300654284,0.049589589019628524,0.024794794509814262,Li2 Mg4
Mg,Li2 Mg4,6,2.0,4.0,0.0863885087414671,0.014398084790244516,0.04319425437073355,0.021597127185366775,Li2 Mg4
Mg,Li1 Mg3,4,1.0,3.0,0.059463087766766204,0.014865771941691551,0.059463087766766204,0.019821029255588735,Li1 Mg3
Mg,Li1 Mg3,4,1.0,3.0,0.0580453308819925,0.014511332720498125,0.0580453308819925,0.019348443627330833,Li1 Mg3
Mg,Li1 Mg3,4,1.0,3.0,0.059455945817942,0.0148639864544855,0.059455945817942,0.019818648605980666,Li1 Mg3
Mg,Li2 Mg6,8,2.0,6.0,0.12216661736852036,0.015270827171065045,0.06108330868426018,0.020361102894753392,Li2 Mg6
Mg,Li4 Mg12,16,4.0,12.0,0.20855134001800452,0.013034458751125282,0.05213783500450113,0.01737927833483371,Li4 Mg12
Mg,Li1 Mg3,4,1.0,3.0,0.05674171752093836,0.01418542938023459,0.05674171752093836,0.018913905840312786,Li1 Mg3
Mg,Li1 Mg3,4,1.0,3.0,0.06189448307106425,0.015473620767766063,0.06189448307106425,0.020631494357021416,Li1 Mg3
Mg,Li1 Mg5,6,1.0,5.0,0.0802334305067595,0.013372238417793251,0.0802334305067595,0.0160466861013519,Li1 Mg5
Mg,Li1 Mg5,6,1.0,5.0,0.077117576241444,0.012852929373573999,0.077117576241444,0.0154235152482888,Li1 Mg5
Mg,Li1 Mg5,6,1.0,5.0,0.0793256220571183,0.013220937009519715,0.0793256220571183,0.01586512441142366,Li1 Mg5
Mg,Li1 Mg5,6,1.0,5.0,0.07935379528931069,0.013225632548218449,0.07935379528931069,0.015870759057862137,Li1 Mg5
Mg,Li1 Mg7,8,1.0,7.0,0.10136964556821984,0.01267120569602748,0.10136964556821984,0.01448137793831712,Li1 Mg7
Mg,Li2 Mg2,4,2.0,2.0,0.0656819403755624,0.0164204850938906,0.0328409701877812,0.0328409701877812,Li2 Mg2
Mg,Li3 Mg3,6,3.0,3.0,0.10779380839119834,0.01796563473186639,0.03593126946373278,0.03593126946373278,Li3 Mg3
Mg,Li3 Mg3,6,3.0,3.0,0.10354186088412391,0.017256976814020653,0.034513953628041306,0.034513953628041306,Li3 Mg3
Mg,Li1 Mg1,2,1.0,1.0,0.0317824767048793,0.01589123835243965,0.0317824767048793,0.0317824767048793,Li1 Mg1
Mg,Li3 Mg3,6,3.0,3.0,0.0981791512263051,0.016363191871050852,0.032726383742101704,0.032726383742101704,Li3 Mg3
Mg,Li3 Mg3,6,3.0,3.0,0.0999440390946256,0.016657339849104266,0.03331467969820853,0.03331467969820853,Li3 Mg3
Mg,Li3 Mg3,6,3.0,3.0,0.10309798278878339,0.017182997131463897,0.034365994262927795,0.034365994262927795,Li3 Mg3
Mg,Li3 Mg3,6,3.0,3.0,0.09952940265333574,0.016588233775555957,0.033176467551111914,0.033176467551111914,Li3 Mg3
Mg,Li1 Mg1,2,1.0,1.0,0.0070161621977973005,0.0035080810988986503,0.0070161621977973005,0.0070161621977973005,Li1 Mg1
Mg,Li2 Mg2,4,2.0,2.0,0.059176009749732306,0.014794002437433076,0.029588004874866153,0.029588004874866153,Li2 Mg2
Mg,Li2 Mg2,4,2.0,2.0,0.06636425301353155,0.016591063253382887,0.033182126506765774,0.033182126506765774,Li2 Mg2
Mg,Li1 Mg1,2,1.0,1.0,0.006927551107954202,0.003463775553977101,0.006927551107954202,0.006927551107954202,Li1 Mg1
Mg,Li1 Mg1,2,1.0,1.0,0.03192075431352745,0.015960377156763725,0.03192075431352745,0.03192075431352745,Li1 Mg1
Mg,Li3 Mg3,6,3.0,3.0,0.0955213814438545,0.015920230240642416,0.03184046048128483,0.03184046048128483,Li3 Mg3
Mg,Li2 Mg2,4,2.0,2.0,0.0140448123179793,0.003511203079494825,0.00702240615898965,0.00702240615898965,Li2 Mg2
Mg,Li2 Mg2,4,2.0,2.0,0.0607636852332408,0.0151909213083102,0.0303818426166204,0.0303818426166204,Li2 Mg2
Mg,Li1 Mg1,2,1.0,1.0,0.0286193962958236,0.0143096981479118,0.0286193962958236,0.0286193962958236,Li1 Mg1
Mg,Li3 Mg3,6,3.0,3.0,0.09158730263421185,0.015264550439035308,0.030529100878070616,0.030529100878070616,Li3 Mg3
Mg,Li3 Mg3,6,3.0,3.0,0.09432658248097085,0.015721097080161808,0.031442194160323615,0.031442194160323615,Li3 Mg3
Mg,Li3 Mg3,6,3.0,3.0,0.09044852976105264,0.01507475496017544,0.03014950992035088,0.03014950992035088,Li3 Mg3
Mg,Li3 Mg3,6,3.0,3.0,0.09514648900426889,0.015857748167378147,0.031715496334756295,0.031715496334756295,Li3 Mg3
Mn,Li1 Mn1,2,1.0,1.0,0.0062980092195154495,0.0031490046097577247,0.0062980092195154495,0.0062980092195154495,Li1 Mn1
N,Li1 N3,4,1.0,3.0,0.010949368683026602,0.0027373421707566504,0.010949368683026602,0.003649789561008867,Li1 N3
Ni,Li1 Ni3,4,1.0,3.0,0.012507845215713003,0.0031269613039282508,0.012507845215713003,0.004169281738571001,Li1 Ni3
Np,Li1 Np3,4,1.0,3.0,0.0472597075633795,0.011814926890844875,0.0472597075633795,0.015753235854459834,Li1 Np3
N,Li1 N1,2,1.0,1.0,0.011449807358887249,0.0057249036794436246,0.011449807358887249,0.011449807358887249,Li1 N1
N,Li4 N4,8,4.0,4.0,0.04504142915507975,0.005630178644384969,0.011260357288769937,0.011260357288769937,Li4 N4
O,Li2 O4,6,2.0,4.0,0.005760181740366251,0.0009600302900610418,0.0028800908701831253,0.0014400454350915626,Li2 O4
O,Li1 O2,3,1.0,2.0,0.0032268183917511994,0.001075606130583733,0.0032268183917511994,0.0016134091958755997,Li1 O2
O,Li2 O4,6,2.0,4.0,0.0062968374449664,0.0010494729074944,0.0031484187224832,0.0015742093612416,Li2 O4
O,Li1 O2,3,1.0,2.0,0.0026609460257393004,0.0008869820085797668,0.0026609460257393004,0.0013304730128696502,Li1 O2
O,Li1 O3,4,1.0,3.0,0.01332737308486915,0.0033318432712172875,0.01332737308486915,0.004442457694956384,Li1 O3
O,Li1 O8,9,1.0,8.0,0.00734515534952025,0.0008161283721689167,0.00734515534952025,0.0009181444186900313,Li1 O8
O,Li1 O8,9,1.0,8.0,0.00868580684095595,0.0009650896489951055,0.00868580684095595,0.0010857258551194937,Li1 O8
O,Li1 O8,9,1.0,8.0,0.007803896158790999,0.0008670995731989998,0.007803896158790999,0.0009754870198488749,Li1 O8
O,Li1 O8,9,1.0,8.0,0.00678005838161365,0.0007533398201792944,0.00678005838161365,0.0008475072977017062,Li1 O8
O,Li1 O8,9,1.0,8.0,0.007339853064873349,0.0008155392294303722,0.007339853064873349,0.0009174816331091687,Li1 O8
O,Li1 O8,9,1.0,8.0,0.006995387187764101,0.0007772652430849,0.006995387187764101,0.0008744233984705126,Li1 O8
O,Li1 O8,9,1.0,8.0,0.00757942614611765,0.0008421584606797389,0.00757942614611765,0.0009474282682647063,Li1 O8
O,Li1 O8,9,1.0,8.0,0.0069354980392276,0.0007706108932475111,0.0069354980392276,0.00086693725490345,Li1 O8
P,Li2 P6,8,2.0,6.0,0.025616423490410753,0.003202052936301344,0.012808211745205376,0.004269403915068459,Li2 P6
P,Li4 P20,24,4.0,20.0,0.0376053270960875,0.0015668886290036458,0.009401331774021875,0.001880266354804375,Li4 P20
P,Li4 P20,24,4.0,20.0,0.042146753182729,0.0017561147159470417,0.01053668829568225,0.00210733765913645,Li4 P20
P,Li8 P56,64,8.0,56.0,0.09656252582570152,0.0015087894660265862,0.01207031572821269,0.0017243308183160985,Li8 P56
Pa,Li1 Pa1,2,1.0,1.0,0.034295352769789844,0.017147676384894922,0.034295352769789844,0.034295352769789844,Li1 Pa1
Pb,Li1 Pb3,4,1.0,3.0,0.019946351424388296,0.004986587856097074,0.019946351424388296,0.006648783808129432,Li1 Pb3
Pb,Li1 Pb3,4,1.0,3.0,0.006166606132322901,0.0015416515330807252,0.006166606132322901,0.0020555353774409668,Li1 Pb3
Pb,Li1 Pb1,2,1.0,1.0,0.015397469825423948,0.007698734912711974,0.015397469825423948,0.015397469825423948,Li1 Pb1
Pd,Li1 Pd3,4,1.0,3.0,0.047034012407581656,0.011758503101895414,0.047034012407581656,0.01567800413586055,Li1 Pd3
Pd,Li1 Pd7,8,1.0,7.0,0.12265013362959698,0.015331266703699623,0.12265013362959698,0.017521447661371,Li1 Pd7
Pd,Li1 Pd1,2,1.0,1.0,0.02576991108884815,0.012884955544424075,0.02576991108884815,0.02576991108884815,Li1 Pd1
Pd,Li1 Pd1,2,1.0,1.0,0.0279231725025413,0.01396158625127065,0.0279231725025413,0.0279231725025413,Li1 Pd1
Pm,Li1 Pm3,4,1.0,3.0,0.1258075504647228,0.0314518876161807,0.1258075504647228,0.041935850154907604,Li1 Pm3
Pr,Li1 Pr3,4,1.0,3.0,0.1332774490885362,0.03331936227213405,0.1332774490885362,0.0444258163628454,Li1 Pr3
Pt,Li2 Pt4,6,2.0,4.0,0.06499211008099035,0.010832018346831724,0.03249605504049517,0.016248027520247586,Li2 Pt4
Pt,Li1 Pt3,4,1.0,3.0,0.030082288277521105,0.007520572069380276,0.030082288277521105,0.010027429425840369,Li1 Pt3
Pt,Li1 Pt7,8,1.0,7.0,0.05874944188192521,0.007343680235240652,0.05874944188192521,0.008392777411703602,Li1 Pt7
Pt,Li1 Pt1,2,1.0,1.0,0.019681931533435948,0.009840965766717974,0.019681931533435948,0.019681931533435948,Li1 Pt1
Pu,Li1 Pu3,4,1.0,3.0,0.058864796256344006,0.014716199064086001,0.058864796256344006,0.01962159875211467,Li1 Pu3
P,Li8 P8,16,8.0,8.0,0.1282662799641775,0.008016642497761094,0.016033284995522187,0.016033284995522187,Li8 P8
Re,Li1 Re3,4,1.0,3.0,0.016752350587953095,0.004188087646988274,0.016752350587953095,0.005584116862651031,Li1 Re3
Rh,Li1 Rh3,4,1.0,3.0,0.0720797021837152,0.0180199255459288,0.0720797021837152,0.024026567394571735,Li1 Rh3
Rh,Li1 Rh3,4,1.0,3.0,0.06695621507164465,0.016739053767911162,0.06695621507164465,0.022318738357214884,Li1 Rh3
Rh,Li1 Rh1,2,1.0,1.0,0.03339805003399365,0.016699025016996823,0.03339805003399365,0.03339805003399365,Li1 Rh1
S,Li2 S8,10,2.0,8.0,0.00428501199298905,0.00042850119929890504,0.002142505996494525,0.0005356264991236313,Li2 S8
S,Li2 S8,10,2.0,8.0,0.00428501199298905,0.00042850119929890504,0.002142505996494525,0.0005356264991236313,Li2 S8
S,Li2 S8,10,2.0,8.0,0.00437992907443885,0.000437992907443885,0.002189964537219425,0.0005474911343048563,Li2 S8
Sb,Li1 Sb3,4,1.0,3.0,0.020450570844762147,0.005112642711190537,0.020450570844762147,0.006816856948254049,Li1 Sb3
Si,Li1 Si3,4,1.0,3.0,0.007501548020290802,0.0018753870050727006,0.007501548020290802,0.002500516006763601,Li1 Si3
Si,Li2 Si6,8,2.0,6.0,0.015084709343010452,0.0018855886678763065,0.007542354671505226,0.002514118223835075,Li2 Si6
Si,Li2 Si2,4,2.0,2.0,0.004791784060483348,0.001197946015120837,0.002395892030241674,0.002395892030241674,Li2 Si2
Si,Li8 Si8,16,8.0,8.0,0.009121574877744,0.000570098429859,0.001140196859718,0.001140196859718,Li8 Si8
Si,Li8 Si8,16,8.0,8.0,0.12015035383644299,0.007509397114777687,0.015018794229555373,0.015018794229555373,Li8 Si8
Sm,Li1 Sm3,4,1.0,3.0,0.12706006392297844,0.03176501598074461,0.12706006392297844,0.04235335464099282,Li1 Sm3
Sn,Li1 Sn3,4,1.0,3.0,0.009970962432499399,0.0024927406081248498,0.009970962432499399,0.003323654144166466,Li1 Sn3
Sn,Li6 Sn6,12,6.0,6.0,0.019685781076979145,0.0016404817564149288,0.0032809635128298576,0.0032809635128298576,Li6 Sn6
Sn,Li3 Sn3,6,3.0,3.0,0.009352016835654252,0.001558669472609042,0.003117338945218084,0.003117338945218084,Li3 Sn3
S,Li1 S1,2,1.0,1.0,0.011404670375180549,0.005702335187590274,0.011404670375180549,0.011404670375180549,Li1 S1
S,Li4 S4,8,4.0,4.0,0.04465548203896375,0.005581935254870469,0.011163870509740938,0.011163870509740938,Li4 S4
S,Li1 S1,2,1.0,1.0,0.015341901967986401,0.0076709509839932005,0.015341901967986401,0.015341901967986401,Li1 S1
Tb,Li1 Tb3,4,1.0,3.0,0.11472257325871424,0.02868064331467856,0.11472257325871424,0.03824085775290475,Li1 Tb3
Tb,Li1 Tb3,4,1.0,3.0,0.13066530236246415,0.03266632559061604,0.13066530236246415,0.04355510078748805,Li1 Tb3
Tb,Li2 Tb6,8,2.0,6.0,0.1697014664130725,0.02121268330163406,0.08485073320653624,0.028283577735512083,Li2 Tb6
Te,Li2 Te6,8,2.0,6.0,0.02426361712354115,0.003032952140442644,0.012131808561770575,0.004043936187256858,Li2 Te6
Te,Li12 Te36,48,12.0,36.0,0.17598641161962847,0.0036663835754089263,0.014665534301635705,0.004888511433878568,Li12 Te36
Te,Li12 Te36,48,12.0,36.0,0.176300920907769,0.0036729358522451876,0.01469174340898075,0.0048972478029935835,Li12 Te36
Tl,Li1 Tl3,4,1.0,3.0,0.042219515513869696,0.010554878878467424,0.042219515513869696,0.014073171837956566,Li1 Tl3
Tl,Li1 Tl3,4,1.0,3.0,0.0425836099372461,0.010645902484311525,0.0425836099372461,0.0141945366457487,Li1 Tl3
Tl,Li4 Tl4,8,4.0,4.0,0.09677199779543005,0.012096499724428757,0.024192999448857513,0.024192999448857513,Li4 Tl4
Tl,Li12 Tl12,24,12.0,12.0,0.3077822892294335,0.012824262051226396,0.02564852410245279,0.02564852410245279,Li12 Tl12
Tl,Li12 Tl12,24,12.0,12.0,0.3180004948687095,0.013250020619529563,0.026500041239059125,0.026500041239059125,Li12 Tl12
Tl,Li1 Tl1,2,1.0,1.0,0.0323862826814628,0.0161931413407314,0.0323862826814628,0.0323862826814628,Li1 Tl1
Tm,Li2 Tm6,8,2.0,6.0,0.14577117850211202,0.018221397312764002,0.07288558925105601,0.02429519641701867,Li2 Tm6
U,Li1 U1,2,1.0,1.0,0.03134938936111535,0.015674694680557676,0.03134938936111535,0.03134938936111535,Li1 U1
W,Li1 W3,4,1.0,3.0,0.013884587042659248,0.003471146760664812,0.013884587042659248,0.004628195680886416,Li1 W3
Y,Li1 Y3,4,1.0,3.0,0.10143440957763926,0.025358602394409815,0.10143440957763926,0.033811469859213086,Li1 Y3
Y,Li1 Y3,4,1.0,3.0,0.09717284610516135,0.024293211526290336,0.09717284610516135,0.03239094870172045,Li1 Y3
Y,Li1 Y3,4,1.0,3.0,0.0986480680469431,0.024662017011735773,0.0986480680469431,0.03288268934898103,Li1 Y3
Yb,Li1 Yb3,4,1.0,3.0,0.105714008074075,0.02642850201851875,0.105714008074075,0.03523800269135833,Li1 Yb3
Yb,Li2 Yb6,8,2.0,6.0,0.21293107654609902,0.026616384568262378,0.10646553827304951,0.03548851275768317,Li2 Yb6
Yb,Li1 Yb3,4,1.0,3.0,0.08993602301882628,0.02248400575470657,0.08993602301882628,0.029978674339608758,Li1 Yb3
Zn,Li2 Zn26,28,2.0,26.0,0.11118586709574499,0.003970923824848036,0.055592933547872495,0.0042763795036825,Li2 Zn26
Zn,Li4 Zn8,12,4.0,8.0,0.14539688252969452,0.012116406877474542,0.03634922063242363,0.018174610316211814,Li4 Zn8
Zn,Li1 Zn3,4,1.0,3.0,0.035263672690698744,0.008815918172674686,0.035263672690698744,0.011754557563566248,Li1 Zn3
Zn,Li1 Zn3,4,1.0,3.0,0.050778162507864454,0.012694540626966113,0.050778162507864454,0.016926054169288152,Li1 Zn3
Zn,Li2 Zn6,8,2.0,6.0,0.09478166755468254,0.011847708444335317,0.04739083377734127,0.015796944592447088,Li2 Zn6
Zn,Li2 Zn2,4,2.0,2.0,0.05004179919213696,0.01251044979803424,0.02502089959606848,0.02502089959606848,Li2 Zn2
Li,Na1 Li3,4,3.0,3.0,0.0734990989201115,0.018374774730027875,0.024499699640037165,0.024499699640037165,Na1 Li3
Li,Na2 Li6,8,6.0,6.0,0.14738202437852752,0.01842275304731594,0.024563670729754586,0.024563670729754586,Na2 Li6
Li,Rb3 Li1,4,1.0,1.0,0.007191087569381001,0.0017977718923452503,0.007191087569381001,0.007191087569381001,Rb3 Li1
Li,Rb3 Li1,4,1.0,1.0,0.0082145980526685,0.002053649513167125,0.0082145980526685,0.0082145980526685,Rb3 Li1
Li,Rb3 Li1,4,1.0,1.0,0.007419974529891699,0.0018549936324729248,0.007419974529891699,0.007419974529891699,Rb3 Li1
Li,Sr12 Li8,20,8.0,8.0,0.3349055743803005,0.016745278719015023,0.04186319679753756,0.04186319679753756,Sr12 Li8
Li,Sr6 Li2,8,2.0,2.0,0.14513262930704846,0.018141578663381057,0.07256631465352423,0.07256631465352423,Sr6 Li2
Li,Sr3 Li1,4,1.0,1.0,0.07093089001445375,0.01773272250361344,0.07093089001445375,0.07093089001445375,Sr3 Li1
Li,Sr6 Li23,29,23.0,23.0,0.5607315689772735,0.019335571344043914,0.0243796334337945,0.0243796334337945,Sr6 Li23
